session_id,purchase_probability
4723,0.01050264642171727
6836,0.11255525005357722
5525,0.9449625912308015
664,0.009600111643183402
137,0.010211835120210918
1195,0.010079427517558045
11508,0.20820672500716284
11215,0.2113388621488939
7657,0.04374403373609091
7787,0.12342941643037246
8130,0.9605213163262738
3583,0.958359683901318
5005,0.011634337734899155
6322,0.034864587883439255
5918,0.23696484029185172
584,0.010116106235342062
10683,0.5837853518983832
9288,0.19338674813776904
9915,0.7573380806647065
7504,0.11013976698861863
6923,0.8307749883649629
1176,0.9499676931540021
11593,0.07115276920326258
10994,0.06429386060875004
10562,0.07119308486189874
9536,0.05760474387804404
7323,0.057602275727194195
2606,0.009610931710446366
7335,0.09135533680097084
12126,0.02952689874494891
606,0.009950975597734817
8664,0.9280834927823289
875,0.01048069510961148
2336,0.336122711311546
9007,0.046719497193761936
5299,0.009455032736578528
919,0.01327032761703516
12028,0.5895708220562804
7746,0.022869999335881533
10197,0.10836285766492364
6663,0.045944312490426624
3051,0.009733710548473998
10073,0.8330039992890521
11799,0.06046554405014318
10045,0.688409230785776
8690,0.29705818004180295
4451,0.6280370735502998
6784,0.9468137554228047
157,0.010094679953442407
9487,0.9215566215580901
1160,0.011063808654758527
569,0.009505313847909898
2242,0.009848598617669574
4791,0.9671802823704359
840,0.009991981234587817
6266,0.07226362067408566
3528,0.009740153238118826
4434,0.6393633320717718
4469,0.012843375417144025
321,0.6607026492946466
3421,0.9117755091623319
9499,0.4551225953522458
12179,0.7926447154304792
9505,0.020234978356871672
1979,0.010013283837167222
12032,0.16093237094459273
5544,0.16377749318202492
5359,0.010247420954027076
1001,0.010114178990084531
10591,0.13143611572341538
11892,0.06725983549971568
5454,0.5333157960150516
2833,0.009653851651661811
11301,0.6765208318721525
11730,0.24779560319631752
2801,0.009544871938534028
10995,0.0597124520393037
7643,0.01604647902991854
7694,0.12203666422166937
4935,0.00968478410921773
2758,0.155507289629015
10763,0.9111337490355749
10917,0.43511783120734815
11473,0.17766865468325327
2039,0.00990281569926195
11561,0.029617561891306803
9363,0.38860246879794264
10042,0.03523889831878066
8046,0.14719630384505397
3604,0.012474246619672572
11807,0.1012694171076799
10177,0.5468449231374924
4744,0.009442271150941425
11678,0.1680057012115381
8772,0.05077595484790003
5923,0.26736304547608164
8949,0.3491740656055464
4284,0.011094551141396946
6682,0.6496746299341543
8184,0.03164691919197818
10970,0.23473974252567778
10247,0.061895372764448515
56,0.009978458812514385
2591,0.25358633087000965
4031,0.2435133086948281
1304,0.013882401712166407
1193,0.013332788759887682
6490,0.33419442976612773
4684,0.011252476157789553
7196,0.04817899523892053
8260,0.03955554816431174
11578,0.5882932908000298
216,0.011815938308161246
1623,0.7825839109523504
8102,0.028264956176480654
4988,0.791571257260324
6032,0.09684995196283863
9231,0.02450397239317269
7842,0.3081903502337531
10098,0.9648420979028873
9627,0.07529762038074378
2427,0.8908235381463856
692,0.00988004323145044
8007,0.09428518042376377
5047,0.0101139345149005
3358,0.01156803558303672
288,0.01016146796292631
2597,0.009643097005956695
10567,0.06684546883070143
6234,0.027395771939800084
9346,0.024487938903501472
6108,0.051903244003072765
9439,0.08311179432951052
1351,0.010608912427096618
10558,0.047765686611948265
4875,0.6681086771206439
5649,0.23853692611936178
5816,0.1425177246447109
7734,0.04745740047083028
10129,0.034628149101922065
10575,0.047715184657508854
12099,0.15921002298980422
2267,0.009722916873865025
1105,0.00953164619098701
5629,0.08113899215541681
7992,0.8543164089053596
11769,0.027373487587731164
711,0.01067369751604532
11318,0.26543268482986015
966,0.6896086915535473
7320,0.14036433242345228
81,0.010034042854574075
8898,0.04690705967086079
6434,0.1897042384575133
1028,0.009964431950961548
10903,0.13450325273368527
80,0.009617925958329382
3161,0.01393477369695156
681,0.00975575176174374
9305,0.05937453775800748
11721,0.9559133724787833
11422,0.26826702643752803
7413,0.10105944009809592
1277,0.012025651342509627
1337,0.012480158620895432
11543,0.8845628841867506
12025,0.2048595200989876
1196,0.8934802315457792
2009,0.011012748725329228
5385,0.009970986248531195
7463,0.08854244532761121
6986,0.2228306162983765
4851,0.011220396801434551
1868,0.011387911082671464
2440,0.009877731947533757
7082,0.16375670689675925
4559,0.9467422787375765
6384,0.15957546472466674
10131,0.9273077360365989
5517,0.949489611996271
1216,0.010010052489767307
3887,0.009608761041032312
1349,0.009690544541308804
6656,0.025073174155000977
10529,0.21724177189596505
9845,0.4306178852303364
10625,0.06219770769764103
8409,0.04664930310589
11554,0.24239416533023794
1855,0.010754940331333434
1445,0.010527243983861031
713,0.010584531280728268
879,0.9600920092788798
11812,0.2247555904394648
7840,0.9270504773349258
5331,0.009431712556381238
7911,0.13402848625598113
3180,0.010828091775229092
4577,0.4461840165255911
6006,0.8518956022480697
7287,0.10107183114443608
2731,0.009860819956922054
9115,0.9291268708883637
3361,0.8551871021991773
3738,0.009788094803846839
17,0.009576216573883791
8567,0.21571466793682312
11027,0.1642438678047303
1046,0.009990539547338145
11016,0.030165576978964062
10783,0.055307322386547834
1010,0.011441394702312532
9893,0.14259636255518784
4351,0.011335168268675843
12045,0.0935293445304899
8991,0.9588523077361673
4120,0.011375444500407067
3072,0.010455427641379862
1113,0.01083370574829563
7127,0.073075926875827
3794,0.009735006101780718
8896,0.25864210326811476
2851,0.010691692484216973
7907,0.15196232495389217
8745,0.032041758669298634
11676,0.07395494127092224
1828,0.010485324854527911
6914,0.042269516971408294
3960,0.009723040740051871
1634,0.009979521822676623
7776,0.17712436640016635
441,0.010063821196326391
11758,0.09965022062670827
2296,0.009518645544229066
10275,0.58547021319363
10748,0.043871608297398196
12251,0.8632111043964791
8601,0.38864552690837023
11466,0.02811575874557751
950,0.015264994836951835
10578,0.17236519686640278
5940,0.230591058050767
8527,0.05354534443224813
7023,0.049744816958568534
3242,0.009627244295144463
11153,0.8225280207886875
5817,0.4608673681923171
8169,0.5294743772836085
7961,0.1456223288989721
2210,0.20096684174684332
7610,0.0836539420295452
12306,0.06638064313636985
8202,0.27030126488100126
1757,0.010330765107320826
5997,0.15625379349849047
5500,0.04588502256930659
5802,0.06607309750730016
8414,0.2766004212655701
11960,0.09117297961472502
6864,0.3298254016746534
5333,0.009699975537285034
1038,0.011464659700742875
3121,0.8659954660865509
787,0.010023907595840889
10870,0.550843612950386
10161,0.05783323712755385
1806,0.01109451094566982
3386,0.010018776310826788
9282,0.040719051709152576
3311,0.010681141398084092
11106,0.3107441927573333
11339,0.1436484260905968
1042,0.01129280200305779
5207,0.8128568717517541
4310,0.009681746208240293
7527,0.07158663746986045
6307,0.9010731236133657
8203,0.02796189874899753
9590,0.03961202556504684
76,0.010222801965116247
1027,0.5436771683115535
6057,0.028949565027205644
2286,0.009412006305021809
5390,0.9587441075714449
2350,0.011420888151424233
1778,0.8962329470498263
6511,0.06756647048272833
313,0.011564857708585808
2282,0.9555538783766135
2610,0.010018489898126428
374,0.011416643624291312
1851,0.009557490094864823
7906,0.07828630746941498
12309,0.1086384201072544
8824,0.09631311928796987
1388,0.0113411622262133
8649,0.841733798432136
66,0.8738062228639603
1665,0.9235017604036879
1391,0.009519923849085243
895,0.7469300502629574
7399,0.2468958441447252
1402,0.010797486960365464
10928,0.6212280863022577
4398,0.010170000219660587
3638,0.00943897889595093
1578,0.011092187324438566
200,0.9429812261946005
593,0.010186386320085403
3190,0.00997007802000952
326,0.01311273876808324
5073,0.6475409205030483
7608,0.08247946808554502
3002,0.011708843412551434
4584,0.009993911557574337
8746,0.15735412128243467
7576,0.702449851643321
2067,0.5518674334461644
1359,0.010156177731315693
8279,0.8580388858413932
278,0.010221899567646967
9313,0.05670068629034213
2105,0.00947266840952425
1825,0.7643254566020029
300,0.009743851926255966
2129,0.010403199337483928
2369,0.010097944741182608
9273,0.049203313303260776
247,0.009995385888326054
1873,0.010353164524167692
1824,0.010585873301578046
10080,0.1441009959588436
10954,0.029325888077589766
5003,0.009745988014862164
7117,0.04541667221305658
5782,0.1459386406256914
2767,0.013376101703051636
8175,0.1447751128654476
10619,0.08151250237747429
4605,0.010515476600523432
9706,0.41749612975861383
6047,0.2834959356770625
1265,0.010624059713879037
8923,0.06666432228634943
8048,0.19141255799235654
9064,0.08380917682421903
6952,0.07988216322665058
2487,0.3409758386059809
2869,0.01173290935967487
5611,0.05962813251675003
6862,0.32507359626109095
7731,0.07779337418025743
1775,0.6343555113094561
3128,0.010643298663622777
8108,0.10573615083370332
4770,0.3183496451387797
3601,0.550858289086635
5656,0.128369642383721
8157,0.03869903933232035
5342,0.010004601047244523
3451,0.009658800538904324
2177,0.010227939946136154
10252,0.8669346309635709
2127,0.011123039185060682
6120,0.34291229721985533
6624,0.7873081904171051
9062,0.17944199773011488
6158,0.8946919425519583
4782,0.010577989209526538
2884,0.010456037243260358
4696,0.010172453648982595
11674,0.044076734848017766
5721,0.035426187042412786
10528,0.05340896852282211
4106,0.012571503787167763
3574,0.010124611958254964
359,0.010801207109644675
997,0.011276085100005911
6741,0.07628340786147525
8727,0.28683949530051434
2429,0.15774407533226384
4270,0.010732041325987679
5444,0.8953543643591864
10121,0.07737822629828066
3765,0.8610858457834054
2970,0.1475557384661177
3951,0.009556700262611602
8492,0.022373745154431447
7916,0.7954087494266855
9215,0.8932714332269038
10308,0.13541717974756443
8481,0.04965396940864705
9886,0.38057353447022135
6225,0.10781965588308833
8405,0.25747990639689045
6383,0.024510838766115744
2994,0.8488931484470731
7333,0.040954650144473956
5698,0.5594496904360476
8844,0.45207947923972336
8799,0.9501982599451639
4778,0.009618947889755812
859,0.9625545149207911
2081,0.011357912620932002
4387,0.010208307600758946
11602,0.4342664347777581
5567,0.13308525174249267
158,0.009758996306540797
3803,0.011521330481246629
9138,0.867488150913069
11012,0.40350324084560535
4909,0.009572313365275217
2114,0.012896718511791826
6478,0.8906625221847039
3423,0.44383857345520394
8855,0.24105705625252338
141,0.009633482895964775
4751,0.8576713788817794
4242,0.010015691136901986
10148,0.0929851362942344
544,0.009998625321284373
7905,0.2520805798552275
8753,0.01772787280083622
11337,0.031070110625423364
496,0.010116887985312342
568,0.011250565514850593
423,0.01037913314905541
10475,0.3408872087819137
8640,0.6433679347308323
9993,0.1803466247947407
11764,0.035051251860834784
850,0.010417094678597857
1508,0.01002295814929025
270,0.00972098151103016
4267,0.01080780447043856
7109,0.7624320954321961
3013,0.009457375884950603
9857,0.053320297368020055
8256,0.09203735329396982
4794,0.6910053242533107
5173,0.010240846667944194
8223,0.0336183959779601
6349,0.12560053831854903
1418,0.012304900600794855
7861,0.1227326077318408
3873,0.6453070170717141
8512,0.08687143015709134
11068,0.7509313398664157
9182,0.9166933561166609
2118,0.009453808498532978
884,0.011094124882039091
97,0.010192033066975624
8308,0.02020236697774118
3850,0.23917133937975676
3585,0.010053250813838583
8114,0.18457573005683503
8101,0.029874837888000806
7031,0.20571785326405703
1641,0.010046585934645106
9265,0.06132850653489962
984,0.9205014539229064
6978,0.9336739117651404
5962,0.10886250199146984
2284,0.009482995622307987
6653,0.13546323747469657
9544,0.4904827066128318
9154,0.7516190393980717
10662,0.06626747853460682
11135,0.08402280759929112
9583,0.4053618831928236
4975,0.010098222898322887
3891,0.011707035231422146
7700,0.20249847466853327
11643,0.9349248279211103
8346,0.6716458843327932
1777,0.012104547995550257
10508,0.15113750855540103
7596,0.033794150130849576
2397,0.01001754797487269
555,0.009519923849085243
10826,0.27406786207169276
11464,0.02907715148000697
7080,0.10342365407189881
4689,0.010310432774849396
11248,0.058462959653317714
5397,0.011307544453594944
10013,0.11507419575849313
10063,0.17832229306311942
7869,0.047616940273380204
10186,0.5299741079114804
7460,0.1473755777863448
6510,0.22218353719848488
7790,0.06616657847871828
1973,0.013271451482802175
6946,0.7431927546867916
11472,0.587727962004991
2676,0.010914650476213346
3676,0.009708452494295168
10602,0.06370828029448478
10388,0.8165413153196344
8074,0.9488718927866433
10792,0.2542578734431315
2602,0.010050536200455373
2776,0.011260241528932713
8834,0.8259701840214364
9980,0.6455858811633547
3591,0.009533934229266457
3007,0.013921940613531844
831,0.01029528677212722
12102,0.4222228335798941
9492,0.12145906234298111
484,0.009504320997742588
5821,0.17695137990796864
9985,0.17410374908879536
7692,0.6467388268259944
11409,0.27412519725511003
8877,0.04067838402546517
7455,0.06534092719405814
1943,0.011227790176027609
10432,0.19173103392912347
12115,0.8900828030011871
3941,0.009733566220218214
12318,0.07073384532800328
11108,0.21079955233313832
11916,0.039748951112547996
3287,0.9416999600558441
212,0.009578992306887005
11964,0.17369275056145786
609,0.010272934781371588
10342,0.015564711391242509
5402,0.5026222647848222
1407,0.010934406477308874
7933,0.14205930313168122
10171,0.5326360012545491
6235,0.08650896391949377
322,0.009761535560073474
11584,0.1053891566763098
11006,0.041711397481169345
362,0.009708626019814606
10100,0.06371851885463711
10722,0.24569188107507267
2917,0.009547055522487328
7191,0.9676176704453527
5007,0.01170565922215534
7012,0.5796362381656033
8389,0.10015169569028864
4819,0.009554971173016475
1134,0.009612808269253335
11175,0.1899795485817326
2964,0.00969898271695299
8336,0.4442957156606912
9786,0.4416023919703803
11786,0.04889099708243847
7025,0.5653402616136995
3349,0.22998378328653854
10984,0.1684780267919374
1927,0.010558964654270515
4059,0.00966949501625093
3460,0.009544487905187254
8092,0.4185239058276468
6823,0.1492340538275997
10505,0.07694635660526784
101,0.011980725180597193
6675,0.26164045616559584
2506,0.010568067413287113
1172,0.9635050694788589
2567,0.012393698969058526
4293,0.009574160916747954
11180,0.13969374526272885
12153,0.696290269688616
4034,0.009741204489516115
11359,0.6354136896986207
2607,0.013009140915071347
9605,0.30189964120165513
10647,0.27719488501082795
10559,0.1724189126727957
2622,0.009486614128050727
6787,0.6419280960248199
9517,0.13997508823554838
3892,0.009598420176108648
5204,0.702076844012134
10464,0.7403457438873708
5040,0.2780292433167822
7702,0.05550645142406574
8254,0.09023436927692438
8058,0.11731561987829578
952,0.009564460855684204
11487,0.8202781645039963
11613,0.20433243610074792
5085,0.009642918384289337
8180,0.1466566257705329
2987,0.01279503209322409
7462,0.1771655931306828
11734,0.02339553350327267
11052,0.11153984150188552
12090,0.5056480608852109
1412,0.010073803157706765
4618,0.9369638422523187
2991,0.6198273369001488
5383,0.009969170140214145
2270,0.01046450296508196
4665,0.17626722864907407
11436,0.10654513674011178
6166,0.11562014849999543
5343,0.009517437974470406
4442,0.01147364718338083
10283,0.025363664567938978
1246,0.01051783883596192
6635,0.09455547822402391
3581,0.010116521234562493
8540,0.13375870048786473
10324,0.3871974026987947
1471,0.6240870471664577
4676,0.009847844950812605
6316,0.025102264128809757
5160,0.5861477887089193
4946,0.9611584728425414
1360,0.011643923805996437
2278,0.21322229880243793
5770,0.17655836932281657
843,0.010225441641220823
9121,0.14021259953812523
2430,0.009545603732369937
6051,0.6684078225646783
10460,0.09281053584740913
6227,0.025935692358934302
3182,0.00947376127377251
4234,0.009484285556529602
6664,0.6056558234703819
8006,0.02947376468665046
10936,0.8107751801424881
10699,0.08139466783694553
7536,0.09296386790529738
3844,0.009847087921572044
643,0.01265103086111608
6547,0.10356155573742963
1423,0.010286845693822159
5290,0.932755553938661
10173,0.858509521812936
2482,0.011753737616737151
8533,0.13577101367821898
361,0.010035847538305465
2152,0.009526251116751577
3522,0.011281737131949673
4835,0.009769463717917207
304,0.009766147307998027
11555,0.6309480931817744
3389,0.011652723924356312
2191,0.010202705047418086
8801,0.9381999644178411
1519,0.009583334459743506
2416,0.13269894820929165
6297,0.3304665538942214
4039,0.009789816037351618
5237,0.009847717385455998
7229,0.03263791253576777
12313,0.8631039693393839
11823,0.8431441662071499
9821,0.26553165127706546
2535,0.00944466723225249
10801,0.027677186363477296
400,0.7669436417180069
1364,0.00952261657188749
7611,0.06664538309747349
1969,0.8843417976422691
6785,0.017788404009734426
4871,0.01255282984478173
719,0.009680087620761899
7154,0.2040454880257494
7244,0.10248196612256766
11047,0.2809764949692094
4353,0.6799274787178424
162,0.010563900518659193
571,0.010061593522869252
4742,0.009612985725227143
10021,0.10407851933634661
10821,0.05598577013388451
561,0.01147597746322599
2136,0.009799796043808233
8764,0.22626888553953717
2010,0.009575625779442975
5274,0.009523322224404938
4956,0.48207075579852887
7155,0.20243261226776024
7812,0.663126814970939
1300,0.00971804102601952
8914,0.19682347569934294
9490,0.06804424828243019
152,0.00974759341038227
8041,0.5959367232650926
2957,0.8668315793205438
7456,0.07198951397048382
10738,0.09741179268631567
4922,0.010192056243663651
3027,0.009937634034688494
3037,0.01003577707101577
9372,0.7054271623548286
3612,0.010696033452264758
546,0.01030063134996881
5388,0.009797855254744936
2836,0.012186575483640747
11728,0.8016695632717082
4948,0.010933385198825158
8097,0.9366001238714277
9565,0.6487718978199388
11896,0.45215616409020454
6408,0.6528276716569001
4445,0.8481656510328296
633,0.010713396579094564
10135,0.5469920182384914
7902,0.02994645641549949
1731,0.009599722835679787
320,0.010851270386814535
6913,0.05432328956807366
9791,0.08856369567838455
5349,0.00976383429857773
8315,0.02622220562782808
2134,0.011332334086782435
2628,0.010166180824773328
3214,0.011392991834956567
1899,0.01187250599526971
7081,0.9300982356368321
1357,0.009523448981784994
4029,0.009709450963094187
1534,0.010924322159326113
1902,0.5265913062505548
5804,0.9579016197034116
6427,0.19725687682204715
7837,0.9542864742787288
8294,0.9643013916651413
7740,0.07898809866677246
11798,0.9223769012861882
12001,0.45344149153227725
8482,0.9231147893054059
1158,0.6318000391595311
1426,0.0104646285685874
623,0.010175581738089929
5505,0.021362575967388865
4595,0.011231104594944292
1144,0.00947694241856894
9898,0.09579473880735635
4041,0.010015191846509277
5088,0.009701868999080876
3339,0.8762830425385636
2250,0.5332755780102826
1454,0.009519923849085243
3177,0.010107666647210875
8062,0.47837433402550916
11662,0.06899942381606863
11274,0.9627400806548434
9135,0.17972225287860882
4397,0.8905663585371423
994,0.009561790082516819
1708,0.01213634428349064
9894,0.1755958024899353
10701,0.9635458258008753
6974,0.09730467068216483
2834,0.009779335276827837
3031,0.010006607014057025
7002,0.06383009996825109
7440,0.01925170135074376
10316,0.06452401272303913
4930,0.009496008886794019
10000,0.4800432999269721
8005,0.15730877480946776
8905,0.10708016885345392
4408,0.6145057174412423
8554,0.9460256914450399
1222,0.010782068840448498
6388,0.7634026745776107
8265,0.8690630876414355
5413,0.009637882884996661
7187,0.11200207533302807
3087,0.009670010421406696
10417,0.18940231563981647
1994,0.009543523712950721
8104,0.05037799988833539
2920,0.010574846005358223
6798,0.25017465809895323
3994,0.009966100303378718
1084,0.010040452467355838
11873,0.029478927632041383
11454,0.05376740374265506
8956,0.11602325517737858
6152,0.14006390451100972
6342,0.3581854893464255
7662,0.5111693614682483
926,0.011983576324026886
4769,0.010147415744399615
2815,0.009469203011385643
11606,0.037030016422818855
8182,0.07845362514039898
1072,0.009823290054134817
8142,0.08277472276541016
1773,0.009657253934500065
12288,0.7054281104117418
7144,0.11676165869024328
2209,0.8656285894490987
9360,0.10221202769429005
7164,0.06410918189400232
7253,0.05434174980236687
7090,0.6033600790427642
2435,0.010071126535561503
11396,0.04633545835624206
3744,0.00944777095061204
8972,0.028406462161337357
11541,0.02285347279537875
9183,0.26614352395168855
9073,0.13518829500835047
10372,0.05096824711007989
1703,0.009654672729912718
2038,0.010028764436432564
7507,0.08060866208704415
11763,0.20931050963908712
589,0.00992244109690514
4557,0.012300587609211993
10076,0.12280529986192142
715,0.010096374566181359
6921,0.04024909346880837
2355,0.009584986985252604
11672,0.37470188329249254
6325,0.15567641176153518
2734,0.010517964396885739
7617,0.07959226204006793
6230,0.15053471877833974
5938,0.30935738842296523
5474,0.1787247047097641
7582,0.099737481294765
5202,0.009476137357404891
3630,0.009940188985520812
9472,0.11287834845569257
11445,0.0677427119198796
10905,0.6309951636177042
4085,0.013117697023630767
5469,0.15646773707281156
10289,0.90652602528208
1463,0.009773320534493016
11008,0.23420180935778767
4473,0.011995374048393665
7755,0.05456624924082418
9849,0.12661194169397602
2299,0.009422049907859524
5680,0.08746304069828509
2645,0.010184833594368295
8732,0.1566897226478461
12182,0.0194805677993889
1020,0.013980621433104707
11142,0.2619314648231936
3659,0.00998155030371413
4940,0.01017866992516024
2022,0.010489883459610367
10949,0.15727306421791737
3712,0.013023507314044972
3277,0.010775744296976414
5623,0.5589967661066909
11426,0.18834998128463676
9319,0.1218590794635515
10794,0.8470577295575316
6776,0.05313036504776114
1849,0.009900765691984939
6558,0.22412143549906313
7547,0.08680703631255492
10109,0.08174889211511037
1462,0.01098057130229715
5523,0.05265975605358775
2052,0.01117105375485271
10582,0.03887869351496573
9302,0.10463716269563557
5662,0.04651100859251427
1107,0.8662792857711987
2764,0.009726152537963093
4586,0.012372027884076158
1034,0.009624721835049175
4995,0.013570846932304707
5132,0.010174371050830348
6782,0.9261114409000418
337,0.010881282180578355
1839,0.009665840042263134
4126,0.009567788295422975
9401,0.9028899898774085
4715,0.010833481980882338
7778,0.18275371751650132
10255,0.3196194284038746
3207,0.15132687945241077
8469,0.20585076177396966
3398,0.5002219396361329
754,0.01216921988038215
8370,0.9085113070553222
6284,0.08108249065069013
3360,0.2534419543499851
11288,0.07338702908880441
2725,0.010236716259817867
8443,0.278801666579632
4199,0.010533411445458662
11909,0.034545556076217065
12310,0.10396152794748177
1421,0.013481603018406486
4773,0.009410681714315368
4096,0.009490620987496614
6011,0.1555118794608727
9645,0.9364699780903999
6292,0.02305042911042899
10428,0.9255292483808231
9577,0.32863185548705065
5425,0.011182313896430408
10781,0.9046104504116818
2655,0.009852033728359855
3381,0.9213865395940701
149,0.00988700680352738
10816,0.7612724218133349
4491,0.010715687596519035
9931,0.8717681319975042
11929,0.24672953028416605
5944,0.06340883406252765
9760,0.6977706590488332
2531,0.011385653751172764
1322,0.9474812619114935
10068,0.885547548781723
4535,0.009863090811472986
9461,0.2746088750520808
4944,0.009957461127674625
7489,0.03877365935382721
6671,0.12254839369814238
2396,0.6754707222452062
760,0.010299066651318287
8666,0.7423389739866632
6898,0.13749169353585844
11880,0.11711087746251801
11577,0.11277239541282702
2711,0.5260613455557763
3174,0.009713367655970211
7443,0.10523102611617458
10242,0.8998208090804123
1760,0.010638359153596566
6345,0.0965582488348795
1898,0.010128266505285775
5478,0.09711494923048367
11869,0.08333670418969925
5868,0.038731415859050176
5892,0.060443340902137564
6445,0.1547159943689755
3014,0.00953257820913323
1334,0.9594857630090072
10188,0.10695555491008683
8031,0.3449433154655283
3823,0.011392923064628397
7583,0.06599951548136629
3490,0.010541464059509212
967,0.011126709688614775
3605,0.010978992123275612
4374,0.010883320867452157
10009,0.30435620348937664
5487,0.0809486549376736
11490,0.3599919557437952
194,0.009714393451930575
8198,0.5844526263389764
6291,0.6700265681933789
8403,0.20936110766408178
4937,0.45806556925561676
3695,0.009809246692420674
8470,0.025249334947491212
9411,0.025574247930874025
858,0.8608953239156898
11398,0.14009198787913116
3831,0.00997548682716912
10056,0.16038466651404826
2288,0.01000892935482661
8242,0.3472643592795385
7055,0.12212784025898943
7393,0.06341873245934769
12003,0.08448769115266955
11300,0.19549948069756454
6273,0.1289101432067521
2932,0.009488892782295255
5414,0.3579704654330757
3145,0.009802395735382273
12167,0.3797719434409296
6113,0.7095423755863979
9942,0.6291835160756128
8782,0.034756929757642316
3411,0.011432631184126517
5112,0.01112759240404978
11053,0.35430512285038956
9229,0.08087586958834009
6738,0.16684367404906217
11860,0.06801448042116795
8959,0.09317747865417912
1876,0.010546157520339907
1380,0.5532499207416185
9433,0.5376080360984073
7354,0.4887589727569599
7024,0.09614179208329357
4579,0.01155420750092856
6769,0.9651182848851485
294,0.0095341961457691
5599,0.18755566731368006
5403,0.010256013596889007
4736,0.009430475448593694
9047,0.022144569805170426
1847,0.011292180990624866
7317,0.12446690554839412
9588,0.052512601379980435
165,0.010043066041075752
7997,0.32498318041707636
4027,0.01149810436995539
4081,0.00995857719180273
8117,0.39658045527579505
9932,0.17945410609040885
7088,0.09757003347263389
9518,0.3641567183803973
11696,0.11210532559815507
10152,0.055005854579252444
6767,0.05427526574231021
10518,0.14239812674579685
10074,0.44935293605261206
10687,0.09619696249592241
5761,0.766556069526698
11110,0.056664991808639265
10765,0.0393768359377303
12189,0.7783169760079034
9455,0.02688992907460543
2872,0.009763422981747061
5737,0.05511566135306241
5377,0.010025715028355682
10589,0.1415516883510273
3486,0.009736455382315675
4686,0.009563023159671979
653,0.9103741853621844
7946,0.22671926217988986
10990,0.13796676599149355
12010,0.7839568733161705
9727,0.3472842826530723
2785,0.925789757273193
3110,0.011101241589932961
4190,0.7360428754310366
2634,0.8468727024354714
11298,0.1686354465785882
3412,0.011016520740748954
10898,0.36484540894868855
10522,0.13900442761142492
11088,0.8417067416436129
5956,0.07894812230607533
6982,0.20965376154547766
11059,0.5280532246787083
3269,0.5292490934478092
1871,0.011525106423703073
7820,0.7926267952440995
9066,0.48657728731881045
999,0.009835914093141575
1417,0.011944256323080216
5979,0.7956894616999856
12311,0.05823562882277899
8396,0.14248206776996789
11479,0.06197378861331916
8220,0.2014529966444613
8209,0.15022115658523022
2252,0.43726815076657266
8791,0.039456944552945176
11797,0.03565664751310088
10325,0.07203941584576881
1918,0.01059587743229066
5477,0.08306123234710362
9112,0.10373184484492123
3373,0.011207116029720942
3221,0.9295773328509009
5873,0.12122426181750785
9584,0.022622838368698637
10681,0.05643446164283722
224,0.010873233603868505
3996,0.010656102925590761
7124,0.09678072912467652
9694,0.21272512089994525
7570,0.19333289388755542
6788,0.11527323399310073
1932,0.009821416177702331
8456,0.14000651314076865
7712,0.7265256792588657
1930,0.9171094997293827
650,0.010953852339926963
12,0.010086888810610409
5998,0.0202339149516415
9132,0.031042256420667706
2846,0.009565267331006233
6525,0.1412797787651848
4973,0.009379330900339275
8837,0.4366373623829842
10798,0.9521924497309362
3036,0.010997213772098145
3902,0.009463570776232312
6085,0.0279006609181151
2800,0.010098668513677038
4178,0.011893209645461006
2674,0.010241413753971407
4186,0.9542777513626797
8178,0.027356698962869117
11652,0.06193677743404946
8961,0.06022637156433527
4653,0.009641191821072585
9131,0.8688844457548115
6689,0.061764559208879403
12049,0.1226291394829052
6428,0.06973134028099903
6441,0.8954984409900635
11386,0.9445473003929159
8186,0.17167207098436157
12314,0.8452629565285439
897,0.9181607099869236
12093,0.030367072489962087
12000,0.08413179122526084
5888,0.07517863614237473
2062,0.009821416177702331
3548,0.010049379615301331
418,0.01003991690397609
8335,0.05234401658494278
6554,0.11689051229241298
6973,0.19778621472261
5799,0.023411652881992852
898,0.010118436353643978
6091,0.18174595909313976
8136,0.09278836968598207
11552,0.16912146681521267
5188,0.010241468358062228
7038,0.06529645192526601
9705,0.10120251112932878
6430,0.9637619184509563
7888,0.960943775592989
1515,0.009750690886625711
6261,0.023335015777241525
5320,0.010102273446729877
2742,0.8821698513107228
4766,0.010740602705848737
3442,0.010556612754235228
9707,0.056750374018895246
4124,0.009496528752958021
10184,0.1712155198877591
3044,0.009816392990665045
10408,0.807395068380768
6904,0.9435554473512139
8752,0.12379749620904339
9503,0.06644042447444591
1540,0.009795143075611353
6747,0.05139312951497537
11756,0.0728159214156807
1368,0.010996974633059238
5287,0.009461418415086582
5350,0.009510995534544372
6964,0.1197283660381722
6111,0.9553131700051605
2741,0.010564576668814326
3888,0.010163885768400464
11784,0.05511085982057403
9899,0.08143548465548826
12280,0.5523247998048855
1664,0.010130811055180176
4760,0.01073627084988737
11757,0.15408509615461954
419,0.0095341961457691
7571,0.365142955184429
11416,0.22556054391120245
8958,0.8891117858717426
2289,0.010994364119123022
2078,0.011996184411723948
3584,0.010521171918469675
10685,0.930834250163927
5296,0.9305727326546934
4900,0.011956140696127526
6588,0.38163639660152965
5273,0.011052016183400586
5684,0.8385265789463613
7355,0.06509998322799146
7875,0.5303057572324087
513,0.009519923849085243
995,0.010355706304932554
39,0.009799787206246035
8457,0.0476965226463769
2371,0.011226254635040725
1431,0.009830402546623682
3086,0.009493299475313051
5950,0.036282651365727885
8741,0.5826161457075774
10645,0.9352419638513647
4923,0.771429760320675
10339,0.9480286829051507
11668,0.0671841223082451
8555,0.08202387718090988
5001,0.010053320750381175
10901,0.09064438521769072
1013,0.009564605267698397
6620,0.36432954339627005
11976,0.3618123269630051
1840,0.009515992098522493
5881,0.03348160384877164
5984,0.49132816211213803
7294,0.5778231367331481
5651,0.2011215773137691
8033,0.18907169550582803
3808,0.21166780654300849
4141,0.010988266253784795
2249,0.011192427452874614
1350,0.7974773854340271
11538,0.8532940537939124
2637,0.01129824007258409
12234,0.5636473916459448
7479,0.22411341973695445
4304,0.9198434084080149
8628,0.8960140378046816
8301,0.08923898711837405
1218,0.010234950822556177
3532,0.009839373129361265
8174,0.738356633128936
2879,0.010474550235320087
8483,0.08300293963754508
5166,0.009648823761047576
6226,0.08093950678987781
2028,0.010975111484235823
8321,0.18173644949176507
10458,0.036561674679727325
7381,0.07192483684925362
8825,0.676650890190659
8706,0.8851346118531058
7958,0.06188660898192292
659,0.009685289074696929
3280,0.009787977764894961
4037,0.009861108276711281
6590,0.4446007420304758
5338,0.8525138742399374
5327,0.009391669281405293
4092,0.009552222065998393
5808,0.09209031539330716
10026,0.8335641806212178
10911,0.6579478842373881
3420,0.009891649985367259
5009,0.011019352963334395
9233,0.0507805924340252
9459,0.9101433076819858
2670,0.9036662114503078
3483,0.5258325124718446
2178,0.009316704976483365
6348,0.5993332124747551
10659,0.07368248355952063
4848,0.009488894044472184
8967,0.2782591542488866
5878,0.7613760735168897
10693,0.8563918409869545
2142,0.009576736558429857
120,0.009844046445227296
5741,0.04445321986025451
5803,0.05542918667731744
3006,0.009642729498907399
10976,0.06341906827369077
8592,0.03147472840231265
11919,0.04255130876254319
9301,0.5046883235121027
4928,0.01069522892270388
3099,0.009819488578432749
6529,0.08222057689105604
1506,0.009778934441231821
2752,0.009721888801845779
9327,0.13247492130320002
7543,0.7937909764872818
1933,0.010058406851946191
8082,0.3148619124655934
4314,0.8448634891164064
4749,0.0109390700029783
7924,0.12174444548576854
10125,0.10394739949950538
11705,0.4060200213401148
4690,0.01162365090799005
9510,0.7406186605468673
7395,0.2582893646281884
1829,0.009834082290366766
3830,0.009815490477395845
6693,0.14454052135817705
11283,0.05361782677896245
5692,0.028707410847844252
3117,0.009812121958358485
9671,0.7599647157412266
6055,0.959938124395689
5519,0.04027020143870266
1379,0.011514910448493188
1096,0.011785833309610102
5432,0.009719041869352886
9357,0.026674781045444528
11456,0.2469245740372013
5626,0.8630941317182801
12138,0.26072995948280203
6102,0.07471735109758727
8511,0.11439762170536448
2186,0.010378296662599809
12139,0.09667372763435916
9745,0.27631469223040983
5266,0.009819860124365518
10394,0.10959903158736252
5046,0.16128260035752712
10698,0.022450392064462806
3666,0.01142747764126053
2812,0.009753329373980189
9963,0.632719107581856
2189,0.9416257460908782
8679,0.14410999432155644
4633,0.3017981134372636
6553,0.08675355401501442
6096,0.09077170108015785
11469,0.24702930013896635
10282,0.11561474267773135
4236,0.01132552444138836
4592,0.7713334318851788
4181,0.6638360656732964
11205,0.22675904324578938
10705,0.022332801447325915
11754,0.3168768856718921
3519,0.01180962043976466
9742,0.8896358068346812
4724,0.009758570326441056
3304,0.011447492203353804
8858,0.5404928824405777
5364,0.009454057218419422
5795,0.13408795980480914
9494,0.08542018570171435
7436,0.019530791392876636
7747,0.28307693045063476
11152,0.106307781686228
11427,0.29527966779480436
5105,0.009802548358343321
3489,0.9584566655709694
9570,0.02861705806181969
10481,0.0662903557529169
11449,0.06813984470271539
1381,0.009643131281802827
9145,0.09452137870569999
2206,0.010345245361778253
7678,0.06013140853565956
4418,0.013479161261360001
1800,0.009476505605724243
10457,0.18784745837452707
388,0.010214941799664878
7481,0.8187590728518161
5272,0.00951714288689038
10006,0.0446500270783762
2661,0.010680048243733548
10329,0.256223453387809
7699,0.13917315912306447
8379,0.3145508819933216
1406,0.01151210465210882
8230,0.17242877902655732
8770,0.08095110025030157
7147,0.11905400975069226
3229,0.012024863070415932
8768,0.023426803710033743
129,0.011673864937908346
1758,0.009476945477913818
6752,0.9479318370643726
3523,0.009531534349247672
8297,0.8694364175270766
3068,0.01027463611377931
6035,0.14093127517932427
11638,0.03720770455988855
11335,0.757628394433868
7004,0.17164328878110754
6204,0.8413331386444575
5833,0.05424309373728251
4130,0.010626619289854256
3146,0.01009077522425817
3139,0.009407601530842817
3726,0.010411713185352828
3854,0.3563448088213343
10092,0.054790852134824514
7886,0.024197441679824013
5400,0.6211331661107884
2004,0.010032894726061574
9840,0.28601519976531997
11895,0.02317153744808068
4134,0.011467833181179133
2582,0.3390009492070381
9661,0.13196575914663794
4799,0.010536159443909026
10557,0.11462689960214398
12200,0.1074609325104377
2519,0.009465887602689597
10713,0.9209385603232685
6456,0.12737764893417802
1069,0.01160287908776501
1170,0.009515992098522493
11425,0.9017713792472999
5169,0.009741036857693014
6438,0.1317578645580736
10302,0.35021428470076543
5255,0.009499763206304766
10033,0.7652678643836451
8299,0.11904237231891737
6195,0.409026119614328
2728,0.009544622559733441
7996,0.3204048002842963
9470,0.04177537454088048
9610,0.03355047381659737
1153,0.011307769305261764
1910,0.009870299986614156
11197,0.07514931752710674
6743,0.4781960243467988
2442,0.4596777444692297
4660,0.9661088170163027
1861,0.9433423503260023
3793,0.009657214536451445
11911,0.7784778168582037
927,0.009845684423245755
824,0.00949551811999142
4340,0.9674299792516375
8537,0.019744581578928905
11615,0.2828936508695018
8570,0.2668373662641249
10948,0.07442760325281195
5983,0.4637851487219017
974,0.009671366687195322
2201,0.35942729645294946
10309,0.42238595538434215
9885,0.1493927503316215
12299,0.1896822510394313
4142,0.009887806739045346
2,0.009836244120268097
9037,0.05671192671161224
4879,0.9528740304278533
775,0.009485334226565794
9382,0.06438029039373307
6762,0.05170119004814466
901,0.009948449788979666
8087,0.030805869840879834
10787,0.02159239876320108
8085,0.9618782248052361
262,0.009703866511047418
7010,0.07715868938981686
6697,0.10002859240373804
5191,0.7658615694348692
8436,0.5634844295318919
8899,0.03274201870412928
558,0.010418469150547456
10336,0.09797211104513584
217,0.012777582827640077
4681,0.01176909007630367
8660,0.4032483258369869
3114,0.01021181470665966
6703,0.0235415861807435
1318,0.00953693886486149
11832,0.08665587360345672
1005,0.009969713314374379
6819,0.036265002032819495
3692,0.010852877478720041
3212,0.5277141590338955
918,0.009901800755643855
8612,0.08407959471703255
9179,0.07570405738076508
2997,0.011295912101985373
6944,0.03370171023429257
3334,0.01022765740321091
10263,0.9410000677241082
4677,0.010091745563146123
9709,0.29415231999541175
10180,0.17499833841051435
5441,0.6819001758952882
9724,0.3930404988964418
6873,0.18654700783753916
9091,0.1865702169889311
1844,0.009675542182582493
7218,0.034896217783484486
10191,0.3163123016717308
2738,0.011623829364412806
6209,0.7014914902380799
2087,0.9565342111743346
5144,0.010133239539669443
6194,0.902593856770323
6116,0.0195793674312854
9593,0.6564298942998702
2437,0.01000555903107999
1285,0.010278728615816341
4306,0.009579668556235174
11143,0.018755401423669493
10183,0.17064383809978942
3540,0.009721514366674665
1783,0.011929154215568984
11882,0.24872651355753161
7421,0.03928590768180215
3371,0.3330245047968439
5858,0.12104515629923082
9712,0.015447616746113975
6857,0.016838287164574393
11452,0.8039046351461099
8522,0.4855734517402415
9576,0.20628142811084046
1079,0.009744000568106228
11533,0.8201096113845365
10644,0.33800583745716256
8571,0.4639163097521558
4705,0.010126735401637508
9848,0.14833255771428588
5133,0.010968591720722246
8812,0.8531230128035119
1977,0.009598923111528615
676,0.9077478806438914
3762,0.009504256663384461
10972,0.07211313784067237
2107,0.009578488960692516
9200,0.08071065110678728
9063,0.10168919800363145
1126,0.011046315744557427
8473,0.40106310816898477
3897,0.20874428350136573
11496,0.2507136836735505
12162,0.46068997330040795
6371,0.108922365762972
2393,0.9439433818226155
8879,0.39981907775067704
11595,0.3983573052877624
6171,0.11466475532335944
5898,0.1816628928571354
12029,0.3545843404826996
7623,0.18216881653438335
3294,0.7300748644713607
5234,0.891841766650596
2333,0.012787479963219795
3711,0.010017464111792763
248,0.010317041613588611
3829,0.010600479413382102
6480,0.8997184624491859
286,0.009862057711948523
7537,0.029124333012418995
5526,0.07017533151301625
861,0.01016263369926011
4127,0.009649210788427624
4730,0.009842587227884586
12272,0.4958433878735199
10724,0.10035870758392595
5137,0.009807251216250694
11993,0.3907932283939867
8688,0.6155986409931198
3992,0.01048757507629932
11159,0.12544918125249221
11066,0.922685782414905
7148,0.4107547356195186
10790,0.1841730605987786
7903,0.6782901210586904
4651,0.009731970299600937
6341,0.08145391781520778
8349,0.4001560044106147
3435,0.009597820928704223
5669,0.1360059955875818
8867,0.15053310974216733
11600,0.14736552909965744
969,0.010409612280689075
603,0.010797832552149356
8658,0.10328044493505933
4798,0.011923980451597668
3974,0.009768028928920874
5693,0.06477831730207459
6827,0.04347377636621724
4074,0.009441380569223405
8543,0.04750738524394558
11612,0.8135310112470979
2754,0.009377873110901101
9300,0.23601695720945887
9143,0.3136889682282633
7887,0.01631335308903369
4641,0.009607603138313086
4674,0.009530007585676393
10330,0.2990529773544189
10489,0.7046667505489829
10,0.011227967962826383
11661,0.6400554219924699
11219,0.3488097215034653
11064,0.02033414939944015
2689,0.00971860951672443
4708,0.7658264102856609
8686,0.19968370113878037
9860,0.18511221889830498
6268,0.04135798855006876
8439,0.47713717525179133
4338,0.0097305690566714
1099,0.009795145509430073
10279,0.10845644976215092
6571,0.055186780387982255
3657,0.009868734303567791
3944,0.009627546804107183
10841,0.13473911871274144
8290,0.8472072593573539
5932,0.08643213934690512
10239,0.6739626800155947
4954,0.8022481342552522
7680,0.2479346241453744
894,0.009825744499281704
11516,0.28856402978633905
10196,0.8907146394052264
11332,0.05816644216369839
9257,0.11636604308329727
1465,0.01136367131542071
6442,0.9683919707584537
6532,0.35305657789986367
2810,0.011654782958124244
9836,0.09336172868236962
619,0.011083911093596306
11801,0.7572392409215148
9547,0.020799662562631046
3704,0.7237416826412599
5655,0.13785908019014156
9426,0.9628646043267594
8358,0.8579966624357225
10385,0.12587521613256475
5548,0.037313349023183354
3670,0.01070441812527073
4209,0.009679161928810156
7418,0.21423705815211233
1477,0.009710706286307998
5560,0.024045234944543217
11897,0.3001858558398754
1808,0.012625880783295594
11307,0.1694215259127052
557,0.012053364907440398
903,0.009802368792733121
789,0.011203899474732767
11010,0.041052581276081294
11986,0.08428436360449619
6699,0.12515570908815346
8084,0.10155126831156912
4631,0.6406993141032737
1152,0.010705562436976778
6075,0.12224085059408958
10904,0.020827754444419675
12031,0.04453695235032614
10318,0.4709258221532683
7134,0.18266821042270276
3916,0.009751826775256572
3493,0.009976347076194048
11486,0.34060561640165044
11514,0.5747339415485235
3046,0.01171333711732548
2212,0.009970776563269312
3011,0.009460845339931133
8946,0.0837799661951928
8845,0.12976854187471054
1267,0.009860051852712961
4155,0.010439601451317136
6677,0.18987303004865946
5002,0.010871543933768586
3656,0.010763999614499748
7541,0.03268279431132868
7177,0.10267896872069653
6804,0.05868409159517978
1056,0.009674427306146984
2091,0.010753405097937258
10675,0.11100075695946243
1062,0.00981339853635532
5554,0.060551021763837906
4893,0.01088920775943326
10357,0.0349422426632266
6530,0.20512396218296952
8647,0.029676668513138053
14,0.009964531511535903
3440,0.010551593993709597
10498,0.04552130986645514
9728,0.8855415263643949
11378,0.9594528023788492
7073,0.11453231841543984
8785,0.8815835883925446
893,0.00989081136458904
11677,0.17674949125732572
3091,0.009473405900887542
4740,0.009841261425898752
10820,0.11209280647550601
11406,0.10568159154018256
3501,0.010661067157303677
151,0.009937965932836529
7964,0.9146037025319432
9804,0.4686036289491027
2955,0.009791819962058995
4152,0.010088920106771043
1848,0.009928709783349131
12279,0.8502707682586602
8338,0.7895256568184982
10753,0.21452993778419432
10443,0.6672891111904775
6002,0.06613101974604813
1091,0.010003012169592686
5896,0.4287254507118883
5739,0.13129961792777267
11045,0.39239565387678954
11312,0.8264867272886005
9600,0.4863890872863712
4368,0.01001269709561213
6477,0.32069990576568425
12275,0.02942768283044204
11073,0.32335415102600173
7985,0.09858651033598011
11417,0.3381338619914552
4105,0.013176183370350949
12165,0.02482729840854726
2495,0.009911845502709304
765,0.009507863620352115
244,0.010324321595265492
5061,0.0101677024591372
11532,0.07760780204060516
3406,0.47604356816447896
3250,0.009594376032615289
8655,0.06553479533398436
936,0.009913276765704474
446,0.01403266038827282
7957,0.924440879371994
6067,0.44047501039611403
12018,0.13482462313724078
6812,0.061942025353519996
10728,0.09314251621537707
7274,0.08541828273157223
2985,0.011610917340294076
9730,0.03470966357164805
7919,0.08304350975494455
12063,0.08424671651795773
2346,0.009591659554953079
7078,0.059563468556435184
9753,0.02182492681970494
3980,0.009594420637273896
5456,0.06728284907762858
1934,0.009519923849085243
7092,0.08453929697693988
11113,0.12829098996830396
511,0.6328010971733758
8248,0.016589420529272886
10676,0.023095089922856422
1131,0.010463679759604133
5302,0.010672768487156009
11297,0.06810401562270343
8575,0.2694702215256512
4785,0.5309790759972082
11622,0.03818406810678256
4272,0.9494999729582347
11714,0.12856377810840125
11237,0.19873272025383568
8270,0.6710856215522765
3821,0.01068782632179186
12056,0.0448582524500577
6775,0.018646078463223362
685,0.009836773016930703
12187,0.05471667711864636
1489,0.010526076240215758
5453,0.010188649695489195
5065,0.009958213293241681
9987,0.33535905419213935
5269,0.009525457884794988
12297,0.039153057404640375
6333,0.0773563556297841
9004,0.43566454385122033
11122,0.023335015777241525
10447,0.1373544784706419
12273,0.9084278120176248
7142,0.023934543236192155
7131,0.10370373442345661
7785,0.0986569403960741
6280,0.08398693578574125
11164,0.043756741225597584
9315,0.275997268146713
8937,0.12295737356379291
8337,0.10117267352608764
9134,0.13519844794951955
4453,0.009746941111774376
9270,0.07355546967011874
4525,0.010008879208748477
6705,0.12568323816046273
10108,0.24793203939144912
9636,0.29632703084175327
3812,0.804037309706414
3436,0.9640436902801093
9949,0.026942085200239215
1719,0.009592951839367267
7769,0.27556481267716654
5199,0.009488399160672551
7793,0.0986540090958584
2309,0.009735974213678339
9120,0.028986972822261627
1605,0.010361514310185851
7549,0.02247797922807799
55,0.009975759421896182
7819,0.05292829300182995
3529,0.856812280540302
5936,0.06011496251681289
7800,0.3641923614281437
4813,0.009895924256121487
8553,0.7855762076099783
7458,0.07178532901800201
9285,0.2749835537438043
8763,0.9590911121464367
1308,0.009796314011284635
9111,0.10251298867086296
6233,0.02191346680060722
9311,0.20930127991025932
7166,0.9088847876477291
11437,0.31188206865228335
10860,0.036840746713015717
7303,0.08763542147893828
5408,0.009782940784528894
4420,0.7026393097925864
1599,0.010490232812045768
4645,0.009536864669485614
5381,0.009773854368749946
2755,0.009774302347332736
5069,0.9606363782965985
3747,0.01002159036467703
10909,0.8483374182391046
7074,0.16914447009833533
11601,0.24225905453846575
6319,0.9130771959528791
8652,0.027540584604471046
3232,0.009685118046485681
11229,0.4702938931842449
9283,0.16195734082859276
2456,0.009794691591900584
10737,0.13784586017225198
7250,0.0707052055989347
9409,0.04978381331493178
5323,0.010606541438588444
6462,0.9654080184989772
2943,0.7539263332283673
5476,0.22634428835532197
11624,0.9053858446628957
8659,0.13755838155036568
5674,0.06942925968393222
398,0.011247747204370129
9045,0.8384701739664214
5,0.009811918039002294
11000,0.5203447056571637
4846,0.3685425985264186
9071,0.3698914287898344
7183,0.5455328024014686
11096,0.0965026718527168
4486,0.4071492058609091
2164,0.010206863545954514
3876,0.010234412828204219
4955,0.009590641395522449
8015,0.11668328329747824
10788,0.4948302752893646
7750,0.07785080805185336
8035,0.048827557158909116
10884,0.7289766107564862
6832,0.7069410718356706
2616,0.009426136033075435
10395,0.16989835006431872
5429,0.013613831840254942
7389,0.6576957474434975
9214,0.8173890618248048
3955,0.00948014504231968
8901,0.784974547094718
74,0.011503370701396343
4477,0.011128081484737326
11384,0.12364686512015914
6847,0.6748577995312844
10660,0.17431000291223736
1518,0.011862422416165991
718,0.010514109896169313
832,0.00960496570710395
4196,0.011400047054379778
6753,0.1587672989383382
1514,0.010741659999460794
9689,0.8971060705468448
3760,0.0118066113386014
10041,0.218086886675042
11699,0.015459884286078796
3937,0.011743623620398155
6499,0.08855289376320892
11864,0.3069482854333633
2685,0.8569691810361368
385,0.7673422820729032
3150,0.8248232399954442
1279,0.010264248704162317
5031,0.5097506067507432
1146,0.010253275368793228
8110,0.1087897060826438
3503,0.010964182425597348
5754,0.0368399759251862
5841,0.13553523234020795
11979,0.11096303229275775
10055,0.09926200193604699
3724,0.00982754059295066
8936,0.444048992635211
8286,0.1493880195912153
2305,0.9637750855096212
8947,0.6174433026375534
3152,0.009599948684281627
420,0.009949256171830729
9189,0.04241883076897474
3283,0.009522396112970377
11642,0.31580455065662605
9837,0.05277537303940277
11990,0.02948486748091324
4273,0.012533542812128286
4638,0.3891833387418225
6482,0.03445481138686006
2722,0.864959542542788
1799,0.011114473060513611
5695,0.017307962595378916
144,0.009613155361968556
10024,0.10104583932490648
3391,0.01141249617093463
3745,0.010917897480846959
8606,0.05219119928366143
10134,0.5913051604045241
61,0.009937513681129377
92,0.010131011890318328
8199,0.041763681009238
411,0.010449879352917068
7370,0.5820757147356493
3714,0.252903053795972
8719,0.7591899932809669
5448,0.011115976512158251
10192,0.9628274683110172
1516,0.009515162633621909
9445,0.03977334126779454
755,0.010563290347419584
349,0.010988201315824384
3035,0.010045854729080823
3372,0.010041596523343015
5161,0.009497784885604975
6839,0.19297009862770725
7439,0.8700336278409845
12319,0.04122983900251204
6768,0.06518773765828934
1437,0.009504320997742588
7591,0.32957549521594104
12213,0.051185254169925455
11627,0.955320577649106
11739,0.38753658117066
3238,0.010661471420523963
195,0.010548632296538726
6851,0.15090156796503762
6954,0.9480548169529421
433,0.011936664845215668
7311,0.9627050838013415
5353,0.010556766333437377
1100,0.010124442338006023
6301,0.10745647070427591
4615,0.009799588234837953
3183,0.009435527754476931
7316,0.62395536289652
9752,0.18473609250310347
6493,0.07210763825021128
6822,0.6384831801254363
7120,0.09218350875655586
11377,0.05699304916925186
4367,0.009640980225534848
5206,0.6321437529428825
5319,0.18906890906306667
12328,0.06107844612698621
2572,0.010095347943190414
11074,0.09298954396434708
6773,0.11237788521509219
1071,0.009772120547343865
121,0.010035021971178617
9027,0.2595961508470634
9914,0.8450706504104577
10817,0.610496138357617
3108,0.00984228952893748
8171,0.05591093023198677
9186,0.028750364640716727
5631,0.13060010206131312
11011,0.08625789287519652
11768,0.08748710338707108
2008,0.009909230206423722
2241,0.00982413427570803
7967,0.07185062103103257
6134,0.181216888442211
488,0.010207965426854329
10474,0.021808136151769124
10476,0.1064250350377608
4933,0.8354782646187896
9339,0.13242807785088354
12114,0.9113900104337719
5968,0.021451323552235568
5815,0.0505524716793096
10617,0.2835205947921541
5293,0.009404710396045863
3864,0.3175151278894471
206,0.011060957946352864
742,0.010320764237117258
6757,0.06747340018508396
7733,0.0474714814514453
7153,0.1458437185180954
8359,0.1368881656912741
776,0.010544112060055998
6402,0.08082978940292486
7232,0.03197598289878591
12315,0.032319715780324686
8756,0.12411870343567569
5060,0.35070581817860297
7761,0.05130886576564392
11206,0.06068036749448106
4931,0.010697573481125768
1136,0.009733906375684095
9569,0.015932914660980246
9028,0.2981597902264123
11819,0.25240190348788355
6844,0.15193149835379924
3636,0.011111621692010173
296,0.9648474710626216
109,0.00996099446822969
9397,0.05225329422825619
6794,0.766257880189837
1823,0.01212710845882255
9466,0.4459704679838076
3468,0.01072235728420124
5728,0.4784719903154328
12143,0.12011799575288913
6176,0.05337192400094355
4166,0.011573018793778832
3005,0.009508364422975844
8264,0.08865776379144173
12037,0.35939056984481577
2750,0.01180078295908167
3964,0.010936602300851068
11140,0.027228318893828554
8739,0.15103062774967171
3791,0.013578978279176916
8869,0.019159869921061366
8870,0.8344028353739079
11193,0.2947732572979667
11564,0.15017716304181405
2802,0.963612544229912
12254,0.08454591648695413
9287,0.9553055575323116
12073,0.10557646867583492
8890,0.14125282403762016
1900,0.010060693979180036
11255,0.12366991813261469
1156,0.009583241060931703
4050,0.8946039492064254
6243,0.9546427958568214
5876,0.15663303786512076
6469,0.08057325798721217
5119,0.009540410735477635
7545,0.05599630287558185
6870,0.3961871382457559
9563,0.07577686744293886
6272,0.24916895272575257
8604,0.033273800493302134
7235,0.05555319001000149
4174,0.39930223349041116
9961,0.046820702800599565
6,0.009918244024236562
6562,0.04942644117613408
1149,0.010196957927645037
8333,0.7622641971979027
4544,0.013546329117294508
1793,0.009649124613950462
9094,0.09103020030002307
8185,0.03069462584533652
4046,0.009729284406299266
11805,0.4932673030609983
6306,0.719155199737448
8566,0.09075893547915265
7006,0.06501787496609587
3834,0.009871630435180209
7359,0.5626383477120371
8892,0.20854564431036104
7374,0.8086014828468231
10274,0.27293037947462884
3915,0.012862459272015826
4853,0.009845994654812652
12276,0.12792788047448364
12235,0.9654308290049268
2441,0.8630041552535765
6501,0.1973344175089729
9035,0.4353923085753532
2368,0.011110717543313954
6149,0.14691932015775833
5594,0.11206224295401594
8568,0.08438426356808562
3083,0.010008656256941266
1569,0.009704954728795458
4218,0.010270684674990193
4496,0.011328847459529003
2619,0.8606244065707425
9887,0.26143500685442234
8288,0.19773759771754687
1696,0.009881196280446735
924,0.010280809498641678
5787,0.894867185275543
65,0.009581797380577396
7941,0.06107069452493573
7112,0.057715187740096305
3806,0.010056093910067548
3588,0.010256050328718002
130,0.009918097216126704
2467,0.9665201673736824
892,0.010628166422076741
10296,0.07992930475642489
7972,0.1552340065180302
9847,0.051652346997523906
7281,0.15146049367884415
10576,0.0258832193838948
10771,0.4051263828814175
4702,0.010058938049208554
11134,0.8758884875119651
2635,0.011661460821547837
8213,0.11140557498847341
11962,0.6611306667941502
6386,0.09888515604523708
7075,0.05942889108685028
1394,0.012085169097375304
4882,0.009492002139104264
9370,0.018015270177167572
4180,0.01219550403342626
1253,0.950805510325039
11903,0.03092015001408383
577,0.009663137389771538
10477,0.021266913017160823
5801,0.04105420895107177
236,0.011721886875953314
5572,0.6651833183344439
5552,0.030306840030397273
12030,0.06384686144087232
8435,0.11871562072610921
10791,0.2867458589291869
7921,0.1485070157928996
9167,0.7402426092066202
10469,0.04059132730180659
4850,0.010040655675085785
4162,0.009611218346944018
11520,0.7665449321351769
9515,0.031470586277084565
10246,0.2442511464717225
3427,0.010764139990733737
10767,0.24923735393453073
5869,0.038740285904646024
5729,0.15431744794297386
9249,0.7818208167239388
2389,0.010473528803646975
5946,0.03490387028031013
7794,0.8685755949066015
536,0.011402910860822242
5095,0.3145892486688955
4158,0.01189469209373319
4663,0.010063443204500404
6845,0.11127185093940242
2263,0.13758976908639547
873,0.009504320997742588
1323,0.010362346352532144
3668,0.011344333219411484
8158,0.20207783821227235
6124,0.03008414814445192
12317,0.03048881756343212
7247,0.7915377332470291
1150,0.010377685760937085
1166,0.010715777188159843
5458,0.9466323359232949
275,0.0102951108793186
8245,0.17988667330880698
2133,0.31976453573023467
3840,0.009637871694872378
7714,0.9464897479478712
8839,0.9505580341405683
12101,0.5456894359499632
2343,0.010629364665909637
6139,0.30197459261799303
2893,0.009700660370612972
514,0.7289818559654854
6543,0.09709155709131612
8042,0.16158545551157194
612,0.011433186695896495
12080,0.08890715556834143
520,0.011449221842526917
4970,0.009623284573993663
1452,0.009757724265204057
5840,0.05706869058003995
8860,0.13482875614892928
8924,0.02236429180236091
1744,0.011056226957235071
592,0.009451614098435038
4979,0.00948390744689893
10442,0.037891091705288336
6220,0.08390961600089344
3043,0.009595433282718903
10396,0.2231090226892259
534,0.009723134260297802
11264,0.8441625310464713
3329,0.011707103089282214
3120,0.7079054670849765
7865,0.6984189146429305
4238,0.00978214097411679
10297,0.7068717959525065
1737,0.010093891962455024
7693,0.07991677485673865
8547,0.35551492701826937
7201,0.04932229217287959
4135,0.9069388315430857
8066,0.04120270667518709
7486,0.11511872571930407
5686,0.04315398149000209
1592,0.7676834606488838
9586,0.09818615206234478
3299,0.009617596172657459
743,0.009910578514332144
4918,0.011280170686341942
1620,0.010145047942624219
11640,0.29014749349454894
4932,0.009584261578591801
10096,0.0660241938493672
1032,0.009808315797066626
1576,0.011352249891163327
12087,0.03955886157033328
9172,0.21333280666707202
8385,0.04060248165853258
2271,0.010465692034418977
11518,0.5197060120306918
2747,0.2241554633033929
9130,0.0183310986205877
7524,0.5834680058317689
11348,0.7291947566620787
10680,0.9222013293526978
5751,0.4616698652525075
11192,0.04830554042556597
10985,0.4680669870214304
448,0.012715235023605836
9254,0.9066800709101333
9156,0.034901497040415556
4713,0.011923134485291555
10340,0.8203562860111507
7322,0.23859297681587052
933,0.011815588142456538
11633,0.17967199814448095
9868,0.2698459091782513
4652,0.5309462541789155
6123,0.22113796688834292
3976,0.00977192774409538
6990,0.1763967319373175
5819,0.08453785503402325
11380,0.9600784891371221
10290,0.03734397515175463
1147,0.01134697422852944
6968,0.18441265258494724
10850,0.05867845408467164
10977,0.39479674884588645
1671,0.010180823634438403
6338,0.6410699432081963
3751,0.010660194418269504
8075,0.01871859079104479
3187,0.011642034039195184
9514,0.040946001692958776
4622,0.7886411934321994
1670,0.011116668032353024
10530,0.0950732622963376
2306,0.011944260588180051
6354,0.12180610144840467
8172,0.03729678879492017
2302,0.4150194291762965
3987,0.010307679668223758
9173,0.29772380446227387
8535,0.03778565143476816
9779,0.22575135693928772
12149,0.8077672972131068
9937,0.04563991531122751
833,0.009600293555878018
6618,0.965459283392286
11856,0.5499845039956816
6308,0.9261262425541101
2826,0.010229023103859189
10261,0.055633454502217294
3158,0.009418717274929825
6516,0.04473235329894543
11357,0.9326430467393346
2273,0.009490510922946865
10943,0.08037929811315192
7343,0.09369577133918182
1678,0.01160860926976224
6535,0.5887926645129646
2520,0.009507742095126219
10802,0.618962924387872
7441,0.5891023841607187
9761,0.15567186849776726
12094,0.6507699057994096
5348,0.009487376733329831
4009,0.00975793231217471
3029,0.00984760497511335
7372,0.10622024568058824
5969,0.03242561224824913
740,0.0109018024777452
4335,0.009429646590716793
12225,0.24118407332230438
9376,0.1113990076662598
8577,0.20755406412710933
5717,0.11327879837157334
2433,0.009569686126009266
22,0.0096089431545203
5004,0.010508594595411747
10190,0.08134065896699486
5407,0.0099818499065707
11366,0.07760607900496168
4328,0.012009080047916393
7956,0.7008693450109518
678,0.010245203056790707
6450,0.942381716665726
1524,0.010539257867994452
6625,0.1518304376618506
1292,0.009514702820341095
5184,0.010482307760028021
2902,0.6014176478786047
4111,0.009865095848950142
2097,0.010125243773351068
6641,0.08502091419809732
8609,0.8898989865174088
9097,0.07528379552430473
1675,0.010114330214633259
1998,0.9338775170100276
8013,0.19890877399708234
2197,0.009712589321883451
5355,0.010427957330838148
3330,0.011975739827384082
1988,0.010103523737114033
3816,0.9058973883858905
3546,0.009460946204872166
8026,0.02963226042684665
2163,0.010450159067009373
1687,0.01054854380147643
8624,0.7014549221309176
8771,0.7859272558196642
3959,0.9598226892921495
3367,0.009990999683341393
2972,0.00990561272780402
9797,0.0722339632063447
11522,0.027011070580822884
2040,0.00952940242322396
1929,0.010877383624984542
2264,0.009488804515865328
8697,0.05961782571182707
2683,0.009988292427007573
8911,0.3403321984666751
3111,0.9681253488419569
12132,0.3533225166952202
9539,0.048138365010201106
11390,0.043741015475707246
3990,0.009746151464541346
2334,0.009466706913263939
9685,0.03078186538964334
9969,0.06659011238010318
4084,0.010158470331555607
8036,0.08338160310371148
8217,0.06830511249790626
10440,0.9646541672848307
9555,0.07804213197191462
11442,0.1302093282844691
9295,0.16726209731575076
9721,0.6652293836513234
2783,0.9212015618087517
3289,0.012162322415941266
10200,0.18812086075134526
5644,0.15881892040853757
695,0.6878951586921116
9161,0.8590803033175711
7519,0.8358138778738501
167,0.009767174442445934
1031,0.8702677770357266
9427,0.0738068673255633
2648,0.009935438760074517
1689,0.009666601432133926
4266,0.2873559752168339
11907,0.7730594900728139
3756,0.009782940784528894
638,0.9519716277149117
6058,0.044984103891290345
11290,0.41095144027920555
8304,0.4668935016051275
9380,0.0976051170908046
8154,0.10210159580306463
5000,0.009465303191535181
7966,0.17502729316910376
367,0.009791999366724556
12203,0.10634701043781918
1035,0.009519923849085243
237,0.01150148856456657
6508,0.0204506780088375
1971,0.01166969510470317
10211,0.0881426191699442
8131,0.06972519359737252
10356,0.1290249184040047
6472,0.15346130666780297
1248,0.012575107868760893
2375,0.010508898459128033
9316,0.08786291585449811
1066,0.009631456223350493
10493,0.3441078940478355
2682,0.009494005763018556
387,0.01002825818475418
1965,0.011330205717108353
5716,0.05929732696159733
4165,0.009875514761791647
6905,0.10458070744674179
401,0.7559195538790162
4187,0.0096237715734412
1233,0.010008859651515446
11713,0.767038019533469
11005,0.06025557452093892
3033,0.010352334727237003
680,0.009783066733172576
11510,0.2163973585389808
8063,0.054470498336557115
3265,0.010031735158193352
9291,0.03441694119385152
4254,0.011249825736203553
11841,0.2509429657795332
7508,0.8756101470536324
2026,0.010008813657660928
6652,0.14262602688078801
7454,0.06618018341795745
834,0.012183299027205748
6927,0.048466315596211264
7679,0.13145392687762075
9813,0.0612802166406911
3869,0.009840536081211833
11741,0.941723255012942
8915,0.022375904588929574
2216,0.9146546700629723
9796,0.026054967134240402
4614,0.011051107388262682
1048,0.009496515566190139
2373,0.009970690380172087
3698,0.011064472735106343
6125,0.1979088370754029
3296,0.009531006841051673
7212,0.1279463262347227
3498,0.009922422254830305
5605,0.23275745171046794
3041,0.7258285503954218
5713,0.5005140115931603
7365,0.9536545293132629
2055,0.009846331695998502
2699,0.009895577456633277
3297,0.011978323656625578
11670,0.29585536884849084
3080,0.010480844138758858
9096,0.050366236858447516
1796,0.009805439688028397
9043,0.07251741053661895
7844,0.524609275913147
6370,0.04776581456113422
435,0.009510974231831776
724,0.009640490875272727
8506,0.11861913345540398
2962,0.009614057166790282
5156,0.009543697842167435
675,0.011894458336743444
7621,0.06455504127833106
2269,0.009672932004212624
8460,0.06437237084468274
4924,0.9098142155745379
8155,0.055348001704475146
4838,0.013654472619887293
10982,0.03121376196899716
5064,0.0098688487226699
9146,0.08825789138335965
1798,0.010074133383561645
6145,0.1780305647222617
6731,0.20082645024050944
3631,0.23962493594566206
7594,0.025287221046494047
134,0.010339925556345352
3447,0.00953037973476213
1493,0.013354966056947285
8636,0.9597665261285199
4881,0.010492632304957152
4495,0.009493658802309768
4649,0.009763835410591545
1805,0.009507905698350477
4279,0.3742059869586219
6245,0.07442353510549357
7574,0.2226099995324572
