id,home_margin
60514,10.041313947287907
60515,-2.4057272945665478
60516,8.642222277361448
60517,-3.8324654901331936
60518,4.010732937733176
60519,0.16136196510915268
60520,6.717875139498441
60521,10.769131679590991
60522,9.090823024681185
60523,-0.8273119195884768
60524,8.343640791514517
60525,-2.0512592588965024
60526,0.33687501669445297
60527,-2.932157984701857
60528,4.369224124455135
60529,3.833940492236001
60530,-2.643374282547085
60531,0.6277258934976112
60532,6.2660574775676
60533,3.373307685263228
60534,4.671733038134447
60535,-1.9130273435478629
60536,0.8024373255411743
60537,9.81091753255031
60538,4.694506285618359
60539,-2.446304041492193
60540,9.998007126994521
60541,-1.2558909885056908
60542,-1.816242240296591
60543,-0.9294417712019571
60544,1.5310946343502325
60545,4.239680608023337
60546,2.0332164470756484
60547,10.078968340656205
60548,11.731442637445276
60549,2.5152567745554784
60550,6.639870684703548
60551,1.4618431528268634
60552,-2.567185330784925
60553,2.4075488237590594
60554,2.8211155848970506
60555,3.565587442663614
60556,10.057381213287856
60557,6.667077045246819
60558,11.105778775010275
60559,-5.337578373556504
60560,-0.6260356048538636
60561,4.748296574623837
60562,9.2401282016125
60563,0.3869503036475874
60564,3.5764332513968875
60565,3.7745174676531668
60566,0.8104076134265967
60567,-1.53371909495008
60568,3.9668772973939657
60569,11.22544563687525
60570,0.29179277962594097
60571,0.8748920605493724
60572,-2.329554963456
60573,2.17479445566273
60574,-1.4543942980084925
60575,4.751380084848357
60576,10.84034028326025
60577,4.8909197510453035
60578,1.275172929797945
60579,8.803480121580328
60580,-5.344258625579929
60581,1.9572259600346005
60582,12.457107427194234
60583,6.544854700616156
60584,5.935848204467441
60585,8.67665314813396
60586,-3.096950617673573
60587,3.495957399828624
60588,-5.070562175300716
60589,7.257676891994036
60590,2.384907818314077
60591,3.8784113279735997
60592,0.05436154244914994
60593,4.720076596800965
60594,1.1630407819409998
60595,3.8677286867545364
60596,4.8115552794992835
60597,0.5003705653775354
60598,7.972466759459394
60599,2.141684512967262
60600,0.3172324101370994
60601,4.479799989727388
60602,4.776133874922109
60603,12.096296761764156
60604,0.9109315618401702
60605,1.4989634153117455
60606,3.7175092615619634
60607,2.0757736449417576
60608,-0.16466046180044905
60609,9.08716132401955
60610,2.8915940518060026
60611,7.744519546599431
60612,-1.720692629861679
60613,7.941899469826032
60614,5.312787313549026
60615,3.400813009824068
60616,8.804878238837517
60617,-2.820856405336432
60618,6.123111237443866
60619,-2.015576672500142
60620,5.584675915602424
60621,11.0670912939818
60622,3.139000823459704
60623,10.851437064574535
60624,1.6942218729837566
60625,7.5747824440348985
60626,9.880045306803755
60627,2.8886635724054623
60628,5.1148156004653496
60629,8.431749631831144
60630,1.2291743693198125
60631,-0.05813702862111107
60632,4.514653145386237
60633,-1.4947365685201173
60634,11.96397300143282
60635,5.421399049281926
60636,4.285927263951659
60637,3.9466389001946154
60638,6.550924832720399
60639,3.636254907810246
60640,2.8692092757518703
60641,5.639989421632983
60642,9.927072863752958
60643,-0.7966828675360507
60644,8.795971907337606
60645,0.1926763653228309
60646,3.5572136758597215
60647,3.441934652635318
60648,-5.151333833093938
60649,-6.1174231394492935
60650,1.2460264372706673
60651,10.328777441217662
60652,5.053287205900475
60653,7.93920539231134
60654,-5.2251522263546875
60655,6.8170703576492135
60656,4.521596382549827
60657,6.3832313654725015
60658,-1.737426355775885
60659,8.005830968823759
60660,4.765212006747024
60661,-1.309266247319967
60662,3.8468540047837556
60663,6.1835743729263015
60664,9.47932469777633
60665,9.342065799323409
60666,6.953070615530035
60667,5.143279514133514
60668,-2.0631409046114366
60669,-1.3404549795476557
60670,7.7729103436973865
60671,8.851936984874545
60672,2.204046082145592
60673,-0.6756624930521435
60674,5.604277035764012
60675,-1.933431042613946
60676,0.4231303575927413
60677,4.113214579736774
60678,4.5660190578491795
60679,-2.860329440341763
60680,2.079128567592544
60681,4.418743096522481
60682,-3.9402422820509955
60683,-4.080734131298083
60684,-0.6024753718054967
60685,4.379664682098021
60686,12.286368017110155
60687,4.546229441518519
60688,7.751724978679731
60689,-4.303716998933644
60690,1.4977044363991117
60691,8.327538347551762
60692,-0.8481882571645968
60693,-1.673488476310506
60694,0.2151330131257394
60695,5.022190511026686
60696,7.580764456042191
60697,2.8533375785979134
60698,3.1151032036693005
60699,4.580032143268913
60700,5.469817263962281
60701,7.859420719133526
60702,6.945459173244926
60703,6.467624523303758
60704,10.473283430539983
60705,9.268758501920766
60706,14.209033731526828
60707,5.648418360760243
60708,14.336843330992652
60709,0.8495325932677977
60710,4.523079114972022
60711,4.291621899647693
60712,6.02010495478004
60713,11.570206846726776
60714,-0.3269404477388532
60715,0.8167488787842099
60716,2.9512875797249793
60717,5.7145449267669495
60718,6.395240103924327
60719,4.681250121554753
60720,13.256768259761177
60721,4.0502918108301005
60722,11.154634580846905
60723,-0.6863627684481098
60724,9.526398186983933
60725,-0.7688979441801733
60726,6.226360053880934
60727,2.917772855448573
60728,-1.2858065487416839
60729,3.673106221267197
60730,-5.211989782768746
60731,-9.321773165268679
60732,3.7214026392774366
60733,-0.6409610720499134
60734,8.344279758800882
60735,8.601706671845108
60736,-0.1637423502658466
60737,3.6113117691690326
60738,1.468637945970784
60739,1.3241848935624936
60740,0.2577733879422174
60741,1.9778913922655654
60742,5.742244849524024
60743,3.6942003347001577
60744,7.917699164967158
60745,0.543290571843411
60746,8.969617140405273
60747,9.789299325288646
60748,6.406706171697768
60749,-10.155684934067265
60750,1.2156503919247053
60751,-3.3136755378063163
60752,-4.301075571078947
60753,1.0228720771412527
60754,-6.0713326083752746
60755,2.2300557245874946
60756,8.138278223802786
60757,-0.6451859935774541
60758,6.381136983713814
60759,7.20178264900041
60760,3.294737364315347
60761,3.9207102050672162
60762,2.851887055027883
60763,1.4190996176447155
60764,13.076053852505646
60765,2.795368362634707
60766,8.474301287164142
60767,-2.028052411087124
60768,0.9730335258646574
60769,6.2003705435621495
60770,-1.6487331777506835
60771,10.620329561778288
60772,-5.10107419560345
60773,5.947481221130709
60774,6.268753722005618
60775,-1.489772621042484
60776,8.125288775523188
60777,5.3032921734942615
60778,6.764132916189753
60779,11.094730070917866
60780,5.078855039579584
60781,-4.667391322481889
60782,-2.498094903268803
60783,-3.828303125580012
60784,9.697893656164776
60785,0.6691408916960128
60786,3.1725173288591613
60787,1.5438343328947437
60788,-7.985732770985183
60789,1.9702728726255798
60790,-3.5764492733171527
60791,2.515863614898475
60792,7.072606535942215
60793,-1.808507348420549
60794,3.6636449274601004
60795,3.8196348357358403
60796,-2.2836948699352075
60797,8.299392747912645
60798,3.1090882881977304
60799,8.252629825244087
60800,-0.38884621845188677
60801,7.760557074350704
60802,6.446625431164909
60803,-6.9057103058333285
60804,4.721483000038116
60805,-0.08320056794491124
60806,-0.4173624517275707
60807,-3.423593420117645
60808,3.4185116031667557
60809,5.472486201117595
60810,3.227079736406982
60811,-2.2976995577090973
60812,11.5682085087418
60813,3.756461449118287
60814,6.162632462974666
60815,4.538963591272143
60816,-3.7035886863678114
60817,8.846205115731097
60818,-7.221461409063113
60819,-0.1796553261304964
60820,-4.18279183834574
60821,-1.1573854021195222
60822,-2.66528561226053
60823,-3.128627523667837
60824,9.008839756493156
60825,-1.1713419458932228
60826,2.709690041536475
60827,4.007437603388432
60828,4.284528202460201
60829,-5.279298334629454
60830,0.39174311661049366
60831,4.9154259150589805
60832,5.4003096404786035
60833,-0.2758146484164832
60834,-8.389844531682611
60835,9.216380199232953
60836,6.399479463486456
60837,1.4173153982876363
60838,4.47924429811825
60839,-2.4241052774164866
60840,3.0708966873236756
60841,3.2911539122608144
60842,4.0636030660874685
60843,10.37161900872011
60844,3.5618016417254577
60845,5.3483840817987005
60846,11.138373757424944
60847,-3.3943388994028227
60848,2.3836791154756902
60849,9.420577305385159
60850,2.171757033354029
60851,4.5012500903118235
60852,8.454796181261262
60853,7.961806745829451
60854,0.8010668390367319
60855,4.613073290863848
60856,11.398030361121892
60857,15.453504153445781
60858,3.238211588418328
60859,-6.286750989195955
60860,-5.155719682993387
60861,-2.5793730946861837
60862,8.383756232121101
60863,0.08768653218916869
60864,2.075000781538118
60865,14.93288563417607
60866,1.2288828414011328
60867,-3.996592198869182
60868,3.883106877713919
60869,3.3500701158071347
60870,6.687117851094299
60871,8.667857124933313
60872,10.952955058378343
60873,2.1902563288915697
60874,11.373197607239309
60875,2.9714940126078213
60876,2.607210468914303
60877,-3.9927137249161246
60878,2.000643016664144
60879,6.0897318511612895
60880,6.087427593057228
60881,7.453480098091306
60882,4.7555471754231915
60883,4.941552752737395
60884,6.290669911103831
60885,8.325803923970772
60886,9.805415043976938
60887,3.62612573742864
60888,-2.3476742016615133
60889,3.5013648167154265
60890,0.08006901923635648
60891,-4.265946463764036
60892,8.435668758770321
60893,2.5363505746716943
60894,12.557247818509301
60895,6.060426720031759
60896,4.56471705177231
60897,4.0785640573747886
60898,6.909809497677707
60899,4.725698918042719
60900,5.3347930038106774
60901,0.3139568626886506
60902,11.01542064650785
60903,-2.563794334123273
60904,4.249994219057499
60905,3.1917578772168187
60906,7.012658273767549
60907,-0.26473943192810345
60908,8.580091329631063
60909,8.145547568212942
60910,5.768060950067303
60911,2.9895248313081715
60912,0.6342799308327789
60913,2.675263110920577
60914,8.187595096372203
60915,4.176307726861777
60916,11.147609111977365
60917,7.181804546939744
60918,9.491190272473212
60919,-4.389812325123041
60920,6.749309400683057
60921,1.9441820088078847
60922,3.9996536779740395
60923,4.48874383544857
60924,5.881131372358437
60925,9.119539510361308
60926,-1.5786655293981762
60927,3.699705669100295
60928,1.8275442311557413
60929,10.040012848463991
60930,1.501197495681939
60931,1.664064814899789
60932,-3.9849865523855947
60933,-8.309296300086205
60934,6.712886536974322
60935,-1.2337013851972527
60936,0.7325164143528651
60937,5.3966751565933775
60938,5.003043353378278
60939,6.0455297849227385
60940,-6.213554756146641
60941,6.374970742440841
60942,5.887636896613239
60943,0.6720897520148206
60944,0.3977792045049697
60945,-0.5303451027424959
60946,-6.35947353476111
60947,1.7078895106639325
60948,9.610382095959686
60949,7.040908072139009
60950,3.594419274736049
60951,8.646870552279195
60952,13.715677325712708
60953,12.353803185898949
60954,1.1067172926306903
60955,-2.266167910116293
60956,11.338584631344782
60957,2.917708425238661
60958,5.078302988761145
60959,5.208222620910458
60960,-5.7403782660588725
60961,10.340919477615147
60962,9.77549858097628
60963,-0.6787754022361412
60964,12.11618285968041
60965,-0.5286480129484998
60966,1.4924578857603725
60967,9.271280226671726
60968,4.527813127777498
60969,5.601144550000707
60970,1.1736821338798116
60971,4.115893177966785
60972,2.8272780443737897
60973,-0.09234763067934536
60974,9.95115855676287
60975,14.114017664889934
60976,7.010723336528623
60977,10.436880630929444
60978,-5.20123245329386
60979,10.7569686733002
60980,10.205038367892614
60981,10.25938633273272
60982,7.675162315952742
60983,-1.2945534308978885
60984,1.690105694841911
60985,3.6685303456149523
60986,3.9853438699784802
60987,5.558405513618461
60988,13.002077600748954
60989,5.329462650651026
60990,11.375126314234102
60991,7.189522965538673
60992,11.479036089781093
60993,5.078461521874737
60994,0.9356279511426044
60995,2.9861343012428856
60996,1.6729831814917504
60997,5.533836338210369
60998,9.658512773967317
60999,4.519389189885761
61000,0.7129873962090914
61001,4.586854310666585
61002,3.9216753409011655
61003,11.86399272822406
61004,0.13127477430319676
61005,-6.388682372093202
61006,9.712150840132697
61007,12.13390716480162
61008,4.215589983349042
61009,8.28299326038597
61010,-7.575405753773977
61011,7.452470478537388
61012,-0.2685117804123917
61013,0.5837769831465193
61014,6.315854239117371
61015,10.78260367380732
61016,-0.9054055750345447
61017,0.6377425236469684
61018,12.286151399198307
61019,-2.6134303785397375
61020,1.269438383269226
61021,2.3018364402508578
61022,5.162705996180759
61023,7.666665508377707
61024,5.047405129278037
61025,7.645709194043491
61026,-0.19278472309265482
61027,8.999654425653848
61028,-6.132771104270285
61029,4.584657684212157
61030,-3.9801849444304898
61031,-7.129801063808396
61032,-2.2355503776725025
61033,-3.649733261308276
61034,11.54023689441165
61035,11.774807815672593
61036,8.729162107038935
61037,3.8125862167552134
61038,12.390909641148047
61039,9.135564562482145
61040,8.486543737885029
61041,-1.330381065289106
61042,-4.062381684042405
61043,2.6448809994988243
61044,-3.647279940391794
61045,10.57168860260047
61046,10.278956618733355
61047,12.231652864996137
61048,4.738801205318199
61049,-3.195183189877495
61050,9.63695133475843
61051,1.0124406481357318
61052,3.2608700575978746
61053,4.90025092304867
61054,4.75538395632333
61055,7.054793793548225
61056,5.516973385161337
61057,12.352021020424715
61058,-0.26986447270936414
61059,16.873182888673867
61060,-2.4816209132290044
61061,11.241100512734263
61062,8.47546397233861
61063,-0.7257865255373454
61064,5.00790673688347
61065,3.924197596038923
61066,7.776656870670303
61067,-0.7850980624832435
61068,4.177680728232003
61069,10.353373824059458
61070,-2.405089503364541
61071,1.3539535240972649
61072,11.275010793908702
61073,-0.9785812089115128
61074,-0.5866535087958065
61075,11.687301466604787
61076,3.2163888991496505
61077,-0.3009784679282506
61078,-2.0438556145899756
61079,6.379983856798302
61080,6.904922023165545
61081,-3.00530044149741
61082,10.55941480912561
61083,-1.6503057282332612
61084,-3.4245294877955352
61085,1.9140320181340567
61086,10.94449609750485
61087,13.27005985594971
61088,12.160826923080348
61089,-2.8064406817811896
61090,-0.20609811861035562
61091,9.75416109157596
61092,5.7281190611481945
61093,10.1369975266622
61094,1.7803835682609486
61095,7.555040000256224
61096,-2.0186274441120693
61097,4.77889856041799
61098,-0.36330005327095216
61099,-9.113107037878079
61100,2.995375652152281
61101,6.687639655838614
61102,3.070200195213003
61103,3.9611993776185397
61104,-4.7868037459655035
61105,8.08681653411749
61106,3.2558017658430574
61107,11.507714928855433
61108,6.940770301564877
61109,8.483601961818076
61110,-0.9458076642265517
61111,6.860218075645485
61112,12.479232618742067
61113,-1.8834122056194886
61114,3.5446284676755155
61115,16.43291978004994
61116,12.38491132808311
61117,-0.6819613799684379
61118,-2.614478724143966
61119,8.447501644919498
61120,-2.2056057820842607
61121,-6.8083122489065495
61122,2.0223884489265735
61123,3.899628103036602
61124,7.226046265850537
61125,3.3910527487802
61126,8.533907528449642
61127,8.544845962739716
61128,9.310084864180299
61129,3.1706866113615426
61130,9.293135596463461
61131,-1.1039052873001842
61132,-4.833041206988011
61133,-1.1163709536027249
61134,9.120889424634825
61135,-0.7772195746862223
61136,6.592091743481439
61137,-5.367007641380001
61138,-2.379557989078447
61139,6.803258651964844
61140,4.551020568870297
61141,7.294717426733249
61142,11.34634830268842
61143,6.473063216307588
61144,-2.689597493995793
61145,-7.196121940257653
61146,2.173643431939206
61147,-0.29108088949732214
61148,5.389484109539248
61149,2.0047602554945008
61150,6.793195939763227
61151,4.515289740495919
61152,4.569532118471244
61153,0.8008225557677764
61154,-7.037014857922688
61155,5.555431800737642
61156,-4.722548446489851
61157,0.36325895121648544
61158,-0.4184507500705608
61159,1.6334283888562044
61160,-2.2277400256466398
61161,-8.125819769083654
61162,7.405543011513971
61163,1.6272937993810979
61164,2.5550472403761484
61165,-0.5391725461490311
61166,-2.1362655172807195
61167,8.206004359335596
61168,7.568287047046548
61169,2.5804795168108052
61170,8.433831231670045
61171,5.300929880213123
61172,0.4824901650458826
61173,0.9927967719936881
61174,0.288451719319334
61175,-9.349386240350388
61176,9.970015506881337
61177,-2.71882281601818
61178,5.419280697522736
61179,1.0737407102856114
61180,5.513703325754376
61181,7.483759445513874
61182,1.07178887608297
61183,-8.977320579230103
61184,3.922897431541924
61185,7.088048829599596
61186,4.603394737035028
61187,3.7079138437518298
61188,8.519340010545061
61189,10.648166460445674
61190,2.7428448967634376
61191,-7.3009287806789445
61192,10.43082128503895
61193,-1.3748339472790305
61194,9.763767025128269
61195,13.968454162958206
61196,4.700239474241943
61197,9.453671032582267
61198,5.84495159053191
61199,-4.060000967066487
61200,8.584069022234639
61201,3.2647463394254155
61202,2.79049141524123
61203,4.531954912800813
61204,4.341679901525948
61205,-2.7331056806099876
61206,-1.0634656591564164
61207,2.043483669355045
61208,7.006666658713087
61209,11.273767930194538
61210,10.520771728197651
61211,12.225215192974204
61212,13.923388433277383
61213,0.4598102477966632
61214,0.089495515731959
61215,10.001822661463228
61216,6.603845943597745
61217,13.412481027748179
61218,-2.0510360069957456
61219,4.806814706780563
61220,9.975751360966555
61221,10.891820574719345
61222,0.9159844977654575
61223,15.976875683036688
61224,10.965209632767014
61225,-4.898969838120925
61226,-3.967357601854892
61227,8.11409908812848
61228,0.2940327332823065
61229,-0.9122350168816603
61230,1.5686684091574983
61231,1.2615743618355375
61232,11.357672679836313
61233,10.574129681979551
61234,8.856637335533875
61235,1.9186254199116448
61236,12.566633859117115
61237,7.913075046999911
61238,5.075209480589743
61239,5.5505414591815185
61240,1.3518986947462035
61241,-0.4691038421503616
61242,8.889231611070933
61243,0.3594736935705649
61244,-0.6885773388204666
61245,-2.62904892870396
61246,0.2418852760451783
61247,-1.0304564709471464
61248,8.270147713780148
61249,2.921600837458983
61250,8.345046487143744
61251,-0.2789317735603507
61252,4.549702248083352
61253,5.654244807621066
61254,-0.6848420692045639
61255,2.358969421984219
61256,-9.799356131533973
61257,-0.3068196755481918
61258,9.990022747658925
61259,2.013835277787915
61260,-4.745973320631503
61261,-0.34463593660213515
61262,-8.828267902565774
61263,4.876199184821128
61264,2.11045656834924
61265,-5.172884244448251
61266,-1.063331593104393
61267,4.9170243844914605
61268,-3.5068247101778756
61269,15.508655910773557
61270,1.6135516753866392
61271,11.210742979543605
61272,-9.51125067791517
61273,5.869943714106414
61274,-4.827757213735456
61275,16.983637143073096
61276,7.951970968804028
61277,-0.6689146727532416
61278,2.1003027316835983
61279,9.420321399750385
61280,-0.6382601628158511
61281,1.9192909167862808
61282,-0.16813839101055525
61283,1.782959570522252
61284,5.295100166093005
61285,2.5649968027699246
61286,-0.22122459051579818
61287,-5.225575429274698
61288,6.753847086163675
61289,6.818649205316248
61290,4.728754616083765
61291,9.46628206430542
61292,10.003542289286257
61293,10.08563123054019
61294,-4.175580752238795
61295,6.214739444786162
61296,7.473255893260032
61297,-6.086769984681611
61298,7.558487846112007
61299,10.560825019256775
61300,3.978780629959836
61301,-7.727942182128013
61302,1.6808347712896459
61303,-0.5782819429855162
61304,2.8506393134640637
61305,8.606882423807452
61306,5.423150039257072
61307,6.317386974891496
61308,-0.5399413079276809
61309,-2.2625312504158215
61310,1.8393478852016174
61311,3.9912704066182636
61312,4.423731267089984
61313,5.5492096983225405
61314,-5.442671179861044
61315,1.1049678043158295
61316,4.035601999723792
61317,6.981994629811768
61318,3.8366981782574596
61319,-2.535317044596945
61320,5.265375185687821
61321,0.5882101555130415
61322,4.745443621024632
61323,-4.069885181125855
61324,6.830042191139903
61325,4.476680608041735
61326,6.297972711807917
61327,0.6416684949699271
61328,1.4395565061383468
61329,0.2608438591987108
61330,-1.8227874970860742
61331,-11.010141201063199
61332,1.7939672492160361
61333,9.14110982257098
61334,9.563192467415533
61335,5.458338822422976
61336,0.8081996411409272
61337,-1.068559744587187
61338,7.960376214212863
61339,-10.294293421241463
61340,5.523576112999622
61341,-2.062175879634832
61342,8.966652477659295
61343,0.36818932756039635
61344,5.630924279821909
61345,-0.7816000003670265
61346,7.921004790600919
61347,5.6758385520851355
61348,2.45209515077022
61349,6.128891136637957
61350,11.191303856173262
61351,-4.040479433446165
61352,-1.457056319044744
61353,0.5077269197553235
61354,0.1701955165156101
61355,4.9054038996889044
61356,0.2549391545358693
61357,-3.717270123424328
61358,-0.9542169984456201
61359,12.627743853348637
61360,3.980764888089782
61361,-2.623232501025657
61362,9.840170559634338
61363,1.8259560967280808
61364,-0.20355171763228425
61365,8.119721665000517
61366,6.503389456275218
61367,11.062728950880738
61368,14.075409789017307
61369,-0.18245985265389175
61370,4.522573501342002
61371,10.945263207489234
61372,0.4830763499505503
61373,1.9145569105126323
61374,13.208603426843252
61375,9.760744648001628
61376,5.112799504984506
61377,1.0419257486940101
61378,4.8650902867863
61379,0.5329677059484395
61380,-2.257814175331139
61381,7.146063571550536
61382,7.880043907966903
61383,7.3737455565834065
61384,-5.215781400346364
61385,11.176137678609583
61386,12.662772194512394
61387,7.672811599986885
61388,11.758280804474424
61389,-6.382185368112304
61390,-10.492518864709417
61391,12.88285967897965
61392,-2.1596445826572475
61393,8.66669474224328
61394,8.122096935940359
61395,8.649235306558559
61396,9.497403492085736
61397,6.616224093015811
61398,4.735600607382029
61399,3.719191496771396
61400,2.28835274131418
61401,-3.147610006066241
61402,3.6061237775629804
61403,12.063640628604142
61404,-1.3644512955052848
61405,12.20590727316639
61406,4.581131287818156
61407,3.418114219059781
61408,-4.393437637629867
61409,5.785194323867205
61410,4.859174320566073
61411,2.685878209690915
61412,16.697361243049805
61413,0.7011971233032858
61414,-2.8929617260155855
61415,1.1409883177243079
61416,-0.8800156058387936
61417,-2.8019120254463896
61418,-2.6889055797868826
61419,0.5610456302254121
61420,9.88983303580476
61421,-4.48092706403547
61422,9.481955344553588
61423,8.002177117906248
61424,-7.982124574458838
61425,0.2669098316670128
61426,2.912417973425983
61427,-1.909379343615651
61428,5.3013975385130685
61429,3.266954680126578
61430,1.849548048316949
61431,7.1420603819922315
61432,10.450930043560213
61433,5.259014597126898
61434,9.703985533452526
61435,7.7233773095389004
61436,3.339589691625107
61437,8.755422853351732
61438,1.4466196905466058
61439,17.047236751984364
61440,6.209369906675675
61441,-5.8506048807166255
61442,-3.3856696649305453
61443,12.382860107353746
61444,3.4803114784636815
61445,5.872349442153807
61446,-0.2680850021820317
61447,2.0567559595163027
61448,6.601807196882024
61449,4.006488463049177
61450,-9.765856649971004
61451,3.8630391711100183
61452,2.802491300719092
61453,2.225468263788926
61454,8.368767127715895
61455,11.011972063345954
61456,8.988663668047534
61457,1.8233010012682271
61458,13.88367962997861
61459,1.2755089176211531
61460,0.6676968610153518
61461,1.5010354781596207
61462,5.520155307571853
61463,8.898000404304204
61464,2.1895673048761015
61465,14.149470029121405
61466,6.047227630272404
61467,-0.11436245989110544
61468,8.598527359948909
61469,7.98809230864843
61470,-1.512210554086844
61471,0.9122958841129098
61472,-5.659239132076666
61473,8.244803610359883
61474,6.280456412833289
61475,11.936824602913203
61476,-0.9100010527235634
61477,6.043240045530949
61478,8.84436460419873
61479,-0.4009064635971057
61480,13.241689346384174
61481,-1.9792936740316
61482,1.6619298756166474
61483,10.505821651734209
61484,13.308221047106965
61485,-3.2198226550459355
61486,-4.6280419188642306
61487,-10.75553410300556
61488,17.712801793043603
61489,3.86530894500713
61490,-9.34100073428198
61491,5.729557878663259
61492,8.027722634472067
61493,-3.3182021051395245
61494,9.635751623176327
61495,-10.249661812044632
61496,3.0308306011410924
61497,13.110345747154984
61498,4.709132165707168
61499,-5.865782691102761
61500,9.036313354315686
61501,4.7688424006307315
61502,7.752557074688053
61503,3.06853772406654
61504,13.883524016333535
61505,6.1158224512538455
61506,4.597647759077901
61507,5.451688619906372
61508,1.8379887715239323
61509,10.026629573065101
61510,-4.978052567435002
61511,13.042669830246776
61512,15.842486939341843
61513,-1.5946582921436958
61514,-4.461752707072547
61515,11.727694061976496
61516,11.882199900112415
61517,0.5648739656057019
61518,-4.394296429934577
61519,4.6216769198850844
61520,3.0532514023262958
61521,5.158803191959857
61522,-9.54625502583087
61523,11.641350274777457
61524,-1.8057638930860063
61525,1.2454436780217164
61526,-11.20513224989616
61527,11.945321606101622
61528,-4.6153228172151275
61529,12.59561462706778
61530,10.733175144521692
61531,5.590649297891277
61532,4.900369966318862
61533,9.196914274272974
61534,8.276672561778161
61535,5.130026080136364
61536,-3.0162071407726305
61537,6.7267841067627465
61538,-9.876429067168267
61539,8.99054132662994
61540,-7.223723231001287
61541,3.6456603415476527
61542,0.5210395267760465
61543,14.631603217993888
61544,-5.1830086846482715
61545,2.7577083685178962
61546,14.944103231300836
61547,4.093568517282672
61548,-5.237974369457145
61549,4.604188258446456
61550,5.715633349942503
61551,1.2414368898189319
61552,3.1368800858745374
61553,4.679668503779717
61554,9.818985971527733
61555,8.866439473905999
61556,8.211271116951561
61557,1.4286027184852057
61558,0.4892543465842223
61559,1.9572801150170118
61560,15.831228965760701
61561,7.163043841677543
61562,5.5010300396919725
61563,0.19674734896741905
61564,12.02579785476609
61565,16.37723543993261
61566,2.9877115844012962
61567,-1.0199006967402278
61568,4.2151622692319375
61569,-2.147479574412721
61570,-4.443721084792576
61571,-2.4885212471518017
61572,1.7446327941274755
61573,3.239761070997886
61574,1.5276887403895516
61575,5.180546334001191
61576,-5.19492908502245
61577,3.0163310169891306
61578,13.614801663129299
61579,-8.183611290867837
61580,3.750586722609145
61581,-1.8753892160805379
61582,2.9896685613215013
61583,15.919612720197952
61584,2.3997249241018266
61585,7.864124343030562
61586,4.015370902255009
61587,-8.08677560213362
61588,-5.707077448866787
61589,5.341670120986759
61590,11.247170282561413
61591,5.8284096509584735
61592,12.103588601695774
61593,-3.5529217210978823
61594,6.910081705549753
61595,10.10295977856011
61596,0.8212304073550749
61597,11.83506565357472
61598,6.624316961429349
61599,-6.238215641293529
61600,-3.1574051296872363
61601,13.982261050514312
61602,5.820198580608587
61603,-3.999596774296309
61604,4.010279778515686
61605,-2.1143450093991487
61606,8.171299386646323
61607,-5.13113955576603
61608,14.182897594539241
61609,-5.12547268023457
61610,2.4117475887351913
61611,8.798506092857082
61612,4.2289521346587495
61613,8.60427203829067
61614,-1.3023394423732393
61615,4.519927083813166
61616,-6.560774462504868
61617,8.054514648973992
61618,-1.806837544603209
61619,3.707058251565928
61620,-0.9010013111097506
61621,1.180771453955886
61622,3.6393185701339155
61623,-5.5498529684016065
61624,-1.7572827005448945
61625,3.702624422954867
61626,9.16677922438218
61627,13.518031593064471
61628,2.304238017387959
61629,1.4677588811656956
61630,-1.555181600208542
61631,-9.761169104730607
61632,0.036034526765757996
61633,9.376015263183769
61634,10.880626587299908
61635,2.7660416023682
61636,8.670895656057764
61637,6.449773725677501
61638,0.40634740792663093
61639,1.133029524989983
61640,7.980285444916481
61641,10.466091760914837
61642,9.79051309535177
61643,12.416261932284346
61644,7.972562599761197
61645,6.7102271037545815
61646,-2.9291862423502395
61647,9.038607714965307
61648,9.67919152497311
61649,1.7476438684814546
61650,5.270215914895679
61651,5.5554259092446525
61652,-1.0422075405666198
61653,2.0049468343151378
61654,4.107157182405193
61655,-5.991348418947905
61656,-3.802813509629507
61657,-9.049946984641736
61658,3.2107363855140294
61659,12.730275533753531
61660,9.997588986578842
61661,6.29833377854575
61662,13.97335649799421
61663,9.875212728618987
61664,0.8988126862658959
61665,9.81034602829927
61666,-2.295390331776419
61667,9.142613820390828
61668,7.391738307883143
61669,-7.906244531164433
61670,8.537186798144237
61671,-6.316276676006355
61672,-5.341101245165746
61673,-7.04594049793981
61674,7.050029049551475
61675,7.753023460302495
61676,-1.0006263576880055
61677,8.438068762783889
61678,1.2378989977548027
61679,-6.322891062740049
61680,1.979346199713993
61681,-2.294933893830671
61682,-2.8775313075111613
61683,9.60395347542865
61684,12.886239376514727
61685,3.9771184747057333
61686,-0.8335376666616573
61687,10.486601559046948
61688,-6.143655210480946
61689,7.402482902759456
61690,11.453772873257837
61691,-5.589410551676623
61692,12.894991746734261
61693,10.061380394696615
61694,-4.147007565445328
61695,0.14311307250560942
61696,11.182481589188027
61697,-2.795509461503104
61698,7.502276272660993
61699,6.108414337045419
61700,-6.369576980505382
61701,-3.2732950832839225
61702,14.582514303025988
61703,8.487221258464114
61704,7.480778635237392
61705,10.136633242556735
61706,11.03829417533729
61707,13.592352460871162
61708,10.991255175990087
61709,10.15649050751167
61710,-4.993166254541211
61711,-2.8465252287985954
61712,-7.281849942461022
61713,-0.21711730299343296
61714,3.459959936967165
61715,-2.013306237159036
61716,2.0318326600709185
61717,11.940779025877536
61718,8.04700802230412
61719,0.9832022688297888
61720,-4.1563568038880065
61721,-1.689156841566727
61722,4.460102548625993
61723,10.851387007006673
61724,4.9236129608452375
61725,-1.4133247031486085
61726,4.6367970481722605
61727,10.648467781200681
61728,-3.4166269085321677
61729,1.835856921219348
61730,1.5625827790842286
61731,-0.8374703509377684
61732,3.553002375862362
61733,14.93485972289216
61734,-4.233388082457111
61735,10.920376509980121
61736,-4.555617532930761
61737,1.6549568289146248
61738,13.791512223714701
61739,-2.3820291271171974
61740,2.336492049519082
61741,-2.359098374298243
61742,16.626123386910017
61743,4.402607041309261
61744,8.636025156364266
61745,5.1217958438494176
61746,5.09220492995383
61747,5.210507145866197
61748,7.814591379229284
61749,5.866999242475727
61750,8.448416965706716
61751,7.790686079850535
61752,4.769795633985158
61753,4.845730590248353
61754,4.403681894030426
61755,6.257213931571222
61756,7.963635283643292
61757,5.936758972470521
61758,6.517517416915822
61759,1.948356581441081
61760,2.9395066805378596
61761,2.5287722082223816
61762,1.92042801213762
61763,2.9617140715748267
61764,3.884100837451267
61765,1.6712564205748537
61766,1.6761098466969198
61767,2.7546885792513214
61768,2.7571408909945716
61769,0.8959880751199203
61770,2.8318866253068085
61771,4.344239173056066
61772,3.720436976167062
61773,0.35174272291074443
61774,3.405822723524931
61775,3.917567947297137
61776,5.446651801757486
61777,8.28944584856865
61778,3.7417177870807934
61779,7.243398951263089
61780,4.31246811038214
61781,4.65740282381072
61782,2.5888202025707328
61783,3.070717427380868
61784,2.8134587160421956
61785,1.2873578723149843
61786,4.60974487544277
61787,3.9904537889259784
61788,3.3912704521446946
61789,7.162903980532844
61790,5.034430574598163
61791,5.9633697686527025
61792,5.780820690600562
61793,1.3949325919886992
61794,4.2520316069996635
61795,7.806077857710331
61796,6.871770145692134
61797,0.9759835646320855
61798,4.84060000355694
61799,7.168420496769981
61800,7.329458755490426
61801,7.294546803068346
61802,6.964172367864387
61803,-0.2773931214610051
61804,0.7376748525084059
61805,6.925479588358833
61806,4.664463097983013
61807,0.33149589550898123
61808,0.16973396139549848
61809,3.576841672503877
61810,4.433005283139352
61811,6.342746365956939
61812,9.024214728769415
61813,4.914446681080923
61814,4.769479541132257
61815,0.3448408442786339
61816,5.655336467914736
61817,0.7250506183881942
61818,5.082926210672071
61819,4.986856938297191
61820,1.8205857367451057
61821,5.146824383430524
61822,0.22245570917433005
61823,0.9985466427002323
61824,7.271478765261441
61825,6.955041083535093
61826,1.1436064732974354
61827,6.613532233733835
61828,6.248898766789557
61829,0.7392257165179772
61830,0.1886546386855897
61831,8.608776567348926
61832,-3.8581232707718827
61833,5.767728273499447
61834,8.077829498156259
61835,-2.7743050344372646
61836,10.330302359700656
61837,6.4746395515308635
61838,10.351599215565848
61839,3.2572241664879655
61840,2.959584887316884
61841,1.3165257189001982
61842,11.399154318696556
61843,-0.30561967034748305
61844,-2.9287714051342464
61845,4.976138122853059
61846,-3.3034199508454227
61847,3.8611335312283956
61848,14.456168697415315
61849,6.684947286233909
61850,9.693132839985406
61851,-2.573149545970815
61852,7.983529876130919
61853,1.1779870368241196
61854,-2.675460973328164
61855,4.13870159815248
61856,0.3994349185207947
61857,-0.9398140186124734
61858,2.9801312837838534
61859,1.826657603496629
61860,-1.2472008897254898
61861,14.303059078101487
61862,11.827362024804756
61863,4.480780309232378
61864,-0.7913761693787679
61865,7.3802388458804735
61866,-3.90547687285434
61867,-6.096450987277251
61868,-3.2206139802255414
61869,12.82674322077841
61870,10.42283563703565
61871,5.340172733599659
61872,3.1914884712698175
61873,3.994404152861536
61874,1.5869442256065287
61875,12.37556827975619
61876,5.914540823752563
61877,12.460475535917695
61878,7.506195055381138
61879,-5.890383366086792
61880,10.059713912591437
61881,9.154369450911222
61882,-1.8299200814438767
61883,4.380743327400475
61884,-0.23304011561503957
61885,1.2883591998246757
61886,5.976073683095314
61887,5.64362030458584
61888,-1.5438698608028456
61889,2.6964741401723877
61890,0.9350684909019813
61891,-0.9943979685019054
61892,3.8305187540965893
61893,-5.394294378242485
61894,1.7953127273941856
61895,0.9404196956018851
61896,2.580541951055391
61897,10.569521756887589
61898,1.336374947389857
61899,4.294906001359395
61900,4.603961632388823
61901,2.449603193191197
61902,0.3352940397718871
61903,3.873301525520244
61904,4.064026006659999
61905,3.372052942973877
61906,4.494983240109858
61907,1.6869698455487265
61908,-3.1054505349336545
61909,-7.878039683093625
61910,5.729530228897282
61911,3.986029373271437
61912,-1.6585084089710602
61913,4.426813567420002
61914,9.4750302511309
61915,5.248169516668558
61916,2.375246252924488
61917,6.03186285307937
61918,6.617105910903817
61919,-5.690192366206784
61920,10.579710910238639
61921,8.941385473407312
61922,6.0194282427607
61923,3.102460513943224
61924,-0.5577625410074255
61925,6.476127000051163
61926,0.5617184403435429
61927,7.779897003459138
61928,10.95239249746064
61929,11.978052889110074
61930,4.943441964623341
61931,8.739854858784
61932,2.7125432512290564
61933,3.4502274830680797
61934,7.253043145507911
61935,4.281521612260594
61936,10.495242589422986
61937,-3.5441521269905234
61938,6.305456556902549
61939,10.965410759026101
61940,8.270762453072589
61941,1.6197549760594547
61942,-0.019928871947096784
61943,5.217607923453135
61944,6.693885207618134
61945,8.064203674438684
61946,4.020014441701339
61947,9.908396590052298
61948,11.512748167866972
61949,8.403821457095342
61950,7.65116444222571
61951,5.144505042472148
61952,1.3699084298731605
61953,1.67152273841155
61954,15.907840935722664
61955,5.475349897112317
61956,-8.151309949156552
61957,0.8865054955569576
61958,6.125382816866784
61959,8.847634283382636
61960,3.5464953189153876
61961,4.763952304925615
61962,7.899856790883959
61963,3.595631053299623
61964,9.327392945201373
61965,9.109372963748928
61966,7.825334317028153
61967,11.373252398873872
61968,5.5159022706406455
61969,-4.604780278156106
61970,11.933988017385323
61971,10.941921495951522
61972,-3.2339486694464084
61973,9.923904649776729
61974,4.105388561196727
61975,-0.5167327634699322
61976,-0.1186370468599483
61977,3.6712306657386162
61978,-1.1917340813034971
61979,8.669711495996959
61980,4.291225397503256
61981,5.320301517033073
61982,3.785872875617926
61983,6.7036132964544315
61984,14.947428727794698
61985,8.340794142656742
61986,-1.6290790186281552
61987,4.780753705862695
61988,-2.9431685639743046
61989,9.2229535570957
61990,-3.3190291852109954
61991,3.134043904889879
61992,-0.7750657569503274
61993,12.240713454831686
61994,3.420696558077347
61995,4.63285317176601
61996,-3.4678229476131577
61997,-3.1435763907273824
61998,2.8666895428708856
61999,-0.12063721830287394
62000,2.5995662468274934
62001,-0.4411160539220865
62002,7.683782481958799
62003,6.344628910547768
62004,12.577986567146215
62005,1.404971496637277
62006,11.712811610182316
62007,10.476298579597856
62008,-5.165218072215616
62009,3.9056078999337043
62010,-7.216721098678641
62011,7.641511841010125
62012,10.091752224128069
62013,4.846968441668917
62014,0.12858852758603478
62015,6.663232409218843
62016,1.9270292290220943
62017,-3.7078276881722263
62018,1.4784249450297424
62019,13.164585592410944
62020,-3.314574821942115
62021,9.876013332474464
62022,0.6525872325520318
62023,-4.715189570868707
62024,1.2255890387749822
62025,4.520939994120672
62026,5.5319988845159545
62027,-2.7923419283208704
62028,-0.8316775509841341
62029,5.648641231007751
62030,9.4086428368945
62031,8.294369121131565
62032,-7.862668555282681
62033,6.471033243672466
62034,-3.0363061764587846
62035,1.435592174599131
62036,-0.11522359749402361
62037,2.7433507278157006
62038,4.57729653068391
62039,5.50884601960927
62040,-3.1886284315277424
62041,-2.607701193426254
62042,3.191582802566726
62043,9.475690621566539
62044,-6.652080361813007
62045,7.6850860876959395
62046,-6.039282774245892
62047,8.99200647824427
62048,7.490590111348254
62049,-4.514967453852077
62050,-6.967454280010793
62051,8.588505892710122
62052,12.061328414143572
62053,3.117526644510346
62054,-1.9514569964158244
62055,-5.386620840108855
62056,1.4465133593023947
62057,1.4481106611538987
62058,3.906801751147382
62059,8.198458889430318
62060,1.6506719954740359
62061,5.709041789771094
62062,3.1958945820210065
62063,9.810578826400958
62064,4.237193303010033
62065,5.604357410236694
62066,6.260829604137607
62067,-3.516510257426564
62068,-9.798604763659934
62069,-3.3630972863786135
62070,6.65623222658365
62071,-6.631236496215177
62072,1.557978371531383
62073,-7.957444959910336
62074,-6.450576039827364
62075,-1.3242922661257321
62076,9.917128989846248
62077,11.04918604081498
62078,-2.110384553154707
62079,11.946076271033455
62080,-8.923447526859059
62081,-1.1036694778638043
62082,4.892769175427579
62083,8.15794390562542
62084,-0.06364466273871165
62085,6.900995828112288
62086,-0.19803812190673029
62087,1.4965615619818107
62088,13.421241797597304
62089,-0.14778772921446773
62090,0.4503991362046688
62091,5.12267962860723
62092,-0.00317822032712467
62093,4.959120970633862
62094,-7.497281553741039
62095,-0.7851255276048018
62096,1.6832520427218052
62097,14.31740697742525
62098,6.274114369037747
62099,-4.734121625692724
62100,8.808718369970983
62101,-3.020354422549456
62102,10.334573950637086
62103,8.854465187532098
62104,-2.05385151718713
62105,8.121541068010815
62106,2.813495179249007
62107,2.5284621814345436
62108,3.4752621936464614
62109,6.073916509001251
62110,2.421148528305884
62111,-0.5243290157090736
62112,-7.355666296777832
62113,-7.276519729450598
62114,5.483343267659031
62115,9.026137551355749
62116,3.4982974825260933
62117,4.762552149884798
62118,-1.7568936445442587
62119,5.846166511872258
62120,6.109938789089726
62121,9.913067623854001
62122,7.197149955727563
62123,13.912340812825397
62124,7.351149221570509
62125,-3.2215239447313557
62126,9.893007503609129
62127,-5.467318822311701
62128,2.180156958468281
62129,8.382212877128538
62130,-3.6432136445616985
62131,-0.19533230704413834
62132,1.5507621692318536
62133,6.636909340500453
62134,-9.473381302170013
62135,7.527853963316915
62136,10.806289726655903
62137,10.429621123501217
62138,2.4922376156016264
62139,-7.611970706320584
62140,1.920937021006336
62141,6.59027234071327
62142,4.459987542812619
62143,7.810904505948653
62144,4.869450182091697
62145,-9.135383858670624
62146,13.115547178812704
62147,7.813072969418906
62148,3.5304753741752974
62149,8.042904614236193
62150,4.163629672955207
62151,6.312491631218236
62152,-4.887218430055738
62153,-3.5899405681097734
62154,-3.2115032219957396
62155,14.653072874278653
62156,3.480649459975953
62157,-0.6524108898149104
62158,10.522651067345643
62159,3.1293224320383377
62160,8.504874920866783
62161,3.432587772326258
62162,11.714296757282707
62163,-0.9597558610802814
62164,2.3174243738698213
62165,11.719220619788807
62166,13.875881070033511
62167,8.716823307716181
62168,-1.1538333041012663
62169,-0.4341501142266873
62170,2.685336631337327
62171,1.1055967554942292
62172,7.141445042750444
62173,-0.23126125101672412
62174,-4.913099463083261
62175,-2.774720413808725
62176,-8.821249482266403
62177,9.855188094062756
62178,-4.571300482480662
62179,0.35699625393546175
62180,2.886096262408855
62181,-3.1893418827365143
62182,-2.31438820710823
62183,3.205725196236528
62184,9.867726779459415
62185,4.47220979168947
62186,9.271575458433528
62187,6.659483965565794
62188,14.998300498416478
62189,-0.5883441279881267
62190,7.2947010664221335
62191,2.546585303081378
62192,8.92267420585993
62193,3.777703403488347
62194,3.459378134221706
62195,8.601700594529703
62196,-5.121096657444996
62197,-2.0302109350356035
62198,10.37166973517832
62199,4.87465948263358
62200,-1.6132666039322303
62201,2.575770137563044
62202,-1.0120204795577317
62203,-6.631481469633612
62204,10.106715496430947
62205,7.393902035209074
62206,9.110087956409213
62207,8.292035571199902
62208,10.515956866731965
62209,10.097304722899352
62210,7.9004777467104255
62211,7.367677071639454
62212,7.571885469277355
62213,3.6561547814429955
62214,6.104084501759077
62215,-1.8222462972945848
62216,-7.767321281283224
62217,-2.3882156718779335
62218,8.336887117853838
62219,-1.3312945551929407
62220,3.390135963100626
62221,-1.6055406097906078
62222,7.974998584354997
62223,4.6169334843806
62224,4.229375044059919
62225,4.131875684994232
62226,3.7117760063107914
62227,10.320455022274185
62228,1.2180977066639491
62229,-0.26967727239319106
62230,7.777220713635849
62231,-0.4281246367688495
62232,3.8793345324541195
62233,0.6501149228903713
62234,7.421538907032914
62235,7.616264105119897
62236,5.970524262893703
62237,12.66051521683749
62238,7.1493067063483
62239,5.600442047658801
62240,1.1491411039196202
62241,4.262335450901113
62242,11.483600929372017
62243,2.4936335103667298
62244,10.494458929682162
62245,5.446964101502524
62246,3.1709071381526335
62247,3.761026002664543
62248,9.676324463548452
62249,2.3784121029119465
62250,-6.566599664810376
62251,8.707438477785022
62252,3.680460710514573
62253,3.8633436021825536
62254,-0.28554248561833107
62255,3.361608696545232
62256,3.7191841716430285
62257,9.887624168225331
62258,2.5419462254080134
62259,-0.24715276999872912
62260,-3.436175297913496
62261,8.15170350735291
62262,9.144003509055977
62263,1.610225781968761
62264,12.481451849261461
62265,7.647088782486623
62266,-2.129161372238885
62267,5.969099917625977
62268,-0.495663891175818
62269,6.144725001158678
62270,-1.1796199539033774
62271,12.860104044572068
62272,-0.11305051714580447
62273,4.553333740467241
62274,9.548441779347838
62275,6.0115531294979245
62276,17.4476123987616
62277,5.484011143696449
62278,-0.9417253093419575
62279,0.7385304750926399
62280,3.6011639956590225
62281,8.873639696538397
62282,8.7963531870293
62283,10.226691198186721
62284,4.494944218425227
62285,0.005071515313005204
62286,-1.3441889243719485
62287,12.391304894317846
62288,6.790916530977912
62289,3.5952181117696593
62290,1.6829382683309917
62291,6.036713855652534
62292,-0.53175254531847
62293,11.62956290920585
62294,6.343621362406349
62295,5.521077538282737
62296,10.387262221413586
62297,8.216596658839677
62298,4.550405552177635
62299,14.943620401096636
62300,3.6231118194147216
62301,1.3198109439359635
62302,2.59683374266073
62303,4.78004775663347
62304,5.1421219072323385
62305,3.12987136711021
62306,2.8075959575766714
62307,9.63050091757233
62308,4.160040391135808
62309,12.685779811348683
62310,7.673343405394307
62311,10.89958263142247
62312,8.166589739558043
62313,1.6703046700847604
62314,-4.038109805141931
62315,-0.2913337939871114
62316,6.625420687591456
62317,-4.187921165500371
62318,3.880321118057176
62319,0.6077074735257859
62320,0.5946120649256263
62321,3.9766441393262832
62322,-2.0419364090956718
62323,12.3703743012404
62324,-3.224755469180294
62325,10.529625202997682
62326,-0.4954653173174146
62327,7.175202110257405
62328,17.772549754869267
62329,1.1687778411728618
62330,0.1332779347147985
62331,8.41111162848349
62332,10.72334226833955
62333,-2.58970581578134
62334,4.492596207532032
62335,-0.3921751458540338
62336,0.8587618397171117
62337,-3.2520165776227477
62338,2.273510326590713
62339,3.594102770639308
62340,-2.7011519634933134
62341,3.187822038846778
62342,7.994692006742102
62343,5.958343055865695
62344,15.381019169090887
62345,-1.514406596485434
62346,2.984853762019341
62347,-4.761225263925192
62348,12.677636321614175
62349,0.5270820223807615
62350,1.8930503832273138
62351,12.410322593762375
62352,2.0027016479406736
62353,4.6556485131318635
62354,8.911995603429803
62355,-0.5615436143459045
62356,-1.827996980126293
62357,12.368121064332636
62358,8.221440825516165
62359,11.464906644956676
62360,10.829166560750195
62361,-4.238896500565286
62362,-5.501985619873095
62363,-2.8562294985733327
62364,11.374928787860473
62365,-6.81958761932305
62366,11.15314178101101
62367,12.417921262842665
62368,11.26208350919823
62369,0.3325985206017695
62370,14.81385679240039
62371,5.615388198587638
62372,5.190935504390843
62373,9.747172473511638
62374,1.2829099336807426
62375,7.234950749584543
62376,1.1462602483528452
62377,7.03001295532253
62378,2.4737046816933157
62379,4.205983929716604
62380,4.578371142807276
62381,9.899805996587556
62382,5.848616448742065
62383,-5.966353383827143
62384,-2.9321220116085134
62385,-4.605225706818486
62386,14.878814557795096
62387,11.378671112783561
62388,3.920181130927297
62389,12.352485283842277
62390,-2.839565208356209
62391,4.093410209818142
62392,2.72412431630502
62393,-0.38523540336096557
62394,-3.102098373997066
62395,10.177698942263167
62396,9.353362134638257
62397,9.089787043771903
62398,0.3469338983618611
62399,-9.106367444464093
62400,9.314439933348098
62401,-3.0423968192337485
62402,-6.421367938403195
62403,0.4880760398499935
62404,-3.727689456716624
62405,-1.6954215958777192
62406,5.847169603085773
62407,-0.28048620661761414
62408,1.2241088816210655
62409,1.5651460809896405
62410,13.924960756202836
62411,-6.476106128935731
62412,3.2257568439331594
62413,18.0463597208879
62414,7.761902385371496
62415,1.5747197591923245
62416,-1.4494123724296775
62417,6.830211516248099
62418,3.9914559143884887
62419,12.173311398760779
62420,-3.827583069681903
62421,-4.596139689689787
62422,-8.401294174690353
62423,11.253099623477686
62424,1.5223412845443594
62425,3.1582371916426784
62426,0.9204835458367537
62427,5.6803611136980185
62428,7.001686543662316
62429,1.637184834442362
62430,-0.8825506667076182
62431,4.585194452757295
62432,8.607766314160875
62433,10.726026101518702
62434,3.1101429935764706
62435,3.5783050884309717
62436,-3.447090341273805
62437,-4.671021289132084
62438,10.268596823664868
62439,5.13633946081899
62440,9.816902793057988
62441,7.590769679961593
62442,0.5456203401922451
62443,11.003642374721185
62444,8.695899607529343
62445,10.655352037154113
62446,3.885474327741294
62447,3.830889314224148
62448,-3.703841464866022
62449,10.013990086576854
62450,10.280355628568667
62451,11.322793524213736
62452,-2.881130844009568
62453,-0.5458590233455889
62454,9.679737926217433
62455,5.014022760711013
62456,3.9336165613634453
62457,8.122169886301897
62458,8.007360563991284
62459,5.558257080097118
62460,-6.862199288059685
62461,7.290878025156774
62462,-0.20029569430687152
62463,2.2541968473134966
62464,1.231644738044762
62465,4.081166481022586
62466,-0.8284947953210257
62467,9.953024174764874
62468,7.567029728896986
62469,10.102609408534715
62470,6.63560917856238
62471,2.590411364693347
62472,8.302219054163036
62473,5.158296819034812
62474,14.5842002359512
62475,3.4526757790360083
62476,-2.9146994604170806
62477,2.554059225475811
62478,-10.752542075961594
62479,3.487856548261803
62480,10.585594940629369
62481,9.675428070237645
62482,14.822381197087342
62483,5.530594654272498
62484,6.410830724677725
62485,3.5204390190815755
62486,14.432780540155129
62487,6.211890778402291
62488,0.9563586020932201
62489,1.0980173339628678
62490,15.639325903586052
62491,-4.370733640927554
62492,-0.47527508047487
62493,-0.8401487149017223
62494,3.327320115679489
62495,7.369931040446303
62496,8.364683021967325
62497,10.798044721703604
62498,12.988784510415126
62499,11.202405238679592
62500,11.397127958013423
62501,7.107120319292195
62502,6.019545764589717
62503,2.957058998155425
62504,10.340265484184316
62505,-0.36216173599464047
62506,-3.7724517769364274
62507,2.8418684428288747
62508,13.41954210356084
62509,-0.41172651742745103
62510,6.055455964369299
62511,-0.7734231773029945
62512,5.436969757517923
62513,-5.729843150524431
62514,-3.499575385096873
62515,5.743790177595912
62516,8.493788526725638
62517,8.333451174058437
62518,-4.613538865118761
62519,8.645020424178659
62520,-3.587956658013616
62521,9.588103919398787
62522,-4.27164529669035
62523,5.753495182596058
62524,-4.022005724865109
62525,-1.92200177228434
62526,7.3399014915109255
62527,-0.4164135796315645
62528,1.3008730209692156
62529,-1.752793744962498
62530,6.284309102862322
62531,-8.677214893962264
62532,16.292509402767294
62533,1.6247593394507982
62534,-0.27647343361143006
62535,10.564390944447094
62536,7.313603875306265
62537,7.334617001734454
62538,2.1305635578074926
62539,-3.2968566031273965
62540,-5.315873094554354
62541,5.191925989252141
62542,4.390695766958778
62543,0.6758659497170949
62544,0.07543553394293574
62545,-5.897482751516656
62546,11.311632769445133
62547,12.550229633549794
62548,-3.0084734673041753
62549,11.175944890104482
62550,0.1370263885554304
62551,4.91903516071952
62552,6.595752836464651
62553,1.5902546582398072
62554,0.29804302565440716
62555,-2.8289566463758296
62556,9.694193076918083
62557,-9.716260984376149
62558,8.20503300132795
62559,2.591891269043545
62560,7.03486181125241
62561,5.555048653184507
62562,4.18878074391289
62563,8.774001441183238
62564,-1.2717289726145795
62565,2.6258554073963825
62566,13.023655451814959
62567,9.39131281629568
62568,-3.806882455028519
62569,2.2239409894348245
62570,0.48845338477177414
62571,4.982092293500247
62572,-3.4374044631521734
62573,2.508869379654671
62574,7.48312165871004
62575,7.746566465237407
62576,3.6163734035338786
62577,5.587832365104975
62578,-0.7702367272322961
62579,-8.494199423908292
62580,4.430879162598663
62581,-0.29503752242724635
62582,5.858884674657129
62583,8.201995361806025
62584,1.6936415665827336
62585,4.319753113040294
62586,8.353611095741678
62587,2.078042928607992
62588,-9.85497146513868
62589,-5.711247136807653
62590,5.343880935386473
62591,8.250905473732308
62592,3.9496548793946014
62593,9.969464723837522
62594,8.032800354636736
62595,4.30642110542424
62596,4.599143636249028
62597,1.1791215022278705
62598,-4.397422588617699
62599,-3.8158061699462023
62600,1.4452588451297088
62601,5.230228551382265
62602,-1.085009262068929
62603,-1.952708323366021
62604,7.711264573520051
62605,7.889739050068091
62606,-8.847856604566196
62607,5.043499546090292
62608,-9.587464970830355
62609,13.094179729335497
62610,9.499518881738567
62611,4.754475094534996
62612,1.6383224455930896
62613,11.352524523127801
62614,2.1505331838908943
62615,-7.063810025797716
62616,7.812977017566218
62617,8.373871698831367
62618,-1.9297607915490016
62619,7.936998996378545
62620,11.67453723335562
62621,-7.77235368568313
62622,4.3719270677460145
62623,2.6205963073102416
62624,3.4694529165114862
62625,13.76337498048225
62626,3.759316068264176
62627,5.964472334322512
62628,5.031153722176743
62629,4.404030109095729
62630,8.543325191687325
62631,3.0249889202130253
62632,-1.0210321484478129
62633,10.130511321493573
62634,0.12607221143350794
62635,7.84119824114669
62636,-5.205393989177768
62637,-2.3196894045790057
62638,-3.601707864608623
62639,-2.718518732383336
62640,-0.555469836737189
62641,-1.430510375832921
62642,3.9247746642801955
62643,5.886476163724231
62644,-1.750822482018319
62645,5.594359445900203
62646,14.746426039564279
62647,4.24827380059872
62648,9.35804033137454
62649,1.7733682342384798
62650,-6.796668570734103
62651,-1.093647709366415
62652,-0.1920508466700447
62653,-8.424041754021117
62654,9.745636709244963
62655,4.053652683296973
62656,3.4176519778639403
62657,7.165142688926246
62658,0.6145404673956469
62659,11.393862565337876
62660,6.244993629618817
62661,8.962564267959985
62662,-1.279472827894087
62663,8.72698521194204
62664,-2.105919422153032
62665,6.741589702457658
62666,-0.3014818987370923
62667,8.482454533763464
62668,-5.751723736598556
62669,8.457194601218172
62670,8.399774572673351
62671,8.708152969109701
62672,-1.8313391462174473
62673,2.4363669463655233
62674,10.345738948384309
62675,-0.9944882993574431
62676,3.1633130362180024
62677,-1.1020962679418906
62678,3.463539863008589
62679,-7.84809143051372
62680,9.016348850693623
62681,2.491263093781698
62682,-2.4352009669829604
62683,12.548901981616103
62684,2.7124986461332625
62685,10.629406191108643
62686,-2.1130258315801944
62687,10.941767821167968
62688,7.737008428066595
62689,0.24113212118857147
62690,-3.331747612734713
62691,4.107186253004329
62692,3.9384051059844247
62693,-2.9747682803220767
62694,4.816451571039214
62695,-5.1047053743857
62696,1.6541879189255582
62697,9.000864704681597
62698,-3.555674674494066
62699,-6.411500117226725
62700,-5.2289118935126995
62701,1.8963751625135228
62702,2.525859908063099
62703,5.110507948093131
62704,-6.313031680519139
62705,1.0490736192679473
62706,-2.3071349576412836
62707,3.7293762520984286
62708,9.308378543362018
62709,-7.879542506021158
62710,-2.168629329300823
62711,-4.72476108524231
62712,-4.041389649566315
62713,8.015504566855114
62714,1.266262781811176
62715,-4.28361487923611
62716,-7.9244842878975135
62717,6.39636840220947
62718,6.555964214669915
62719,7.013839504620322
62720,8.399287178886823
62721,-5.212852681807467
62722,6.735631065309861
62723,-0.04330760127463522
62724,-0.06054477929794545
62725,4.5219205341461475
62726,11.820515328254228
62727,3.8950754223275554
62728,11.14240537231947
62729,5.399002749961648
62730,9.069134663425983
62731,4.113229500224097
62732,3.4661036449953992
62733,15.471066793096327
62734,-2.872349638819358
62735,12.98820344045986
62736,4.1185450200938725
62737,1.5584137176450725
62738,5.986110675676456
62739,6.438558872597489
62740,2.1379785020284254
62741,1.158424673588524
62742,9.6340443677498
62743,7.790299131674248
62744,2.5039707834304057
62745,10.489993030640264
62746,5.0037558649331455
62747,0.016626591035369495
62748,-5.580468759709672
62749,11.401470024858058
62750,3.97371666075855
62751,9.727581764643702
62752,-4.0801000342220375
62753,6.3274573816187925
62754,5.9655583184348595
62755,-5.4170623974475
62756,-0.09035855859558314
62757,-4.375624345527223
62758,-5.711245972811783
62759,-0.1835251304859597
62760,1.4436939285155022
62761,4.793294456028925
62762,-5.243293915375191
62763,6.536931218599349
62764,-0.6915326875489443
62765,6.422043652769821
62766,11.409785616460287
62767,0.7023944323319291
62768,5.146586778236989
62769,6.7447699907476375
62770,11.092539699546801
62771,6.87561088112537
62772,4.234080752574917
62773,-1.0023650149364516
62774,2.255265321845385
62775,1.4837453101932487
62776,11.125396960168384
62777,-0.34930605538454434
62778,7.6120488131631525
62779,14.343400774286437
62780,-2.413284119456992
62781,6.676859182443236
62782,-7.380766923783996
62783,12.664039370941278
62784,5.549713791359876
62785,9.579844129577562
62786,3.42382894779241
62787,-5.103497673225853
62788,7.342347559375401
62789,6.039644021744438
62790,9.04984936479999
62791,7.186838060841347
62792,5.752784383972599
62793,1.8282650357001013
62794,0.1628607857522612
62795,8.284008194258158
62796,1.0039815278442057
62797,-1.6006310543705033
62798,-8.51910365611496
62799,11.76505246895424
62800,-0.1952717863952561
62801,-1.2799583674273793
62802,9.673787036933044
62803,5.558637983545292
62804,14.466219843271045
62805,10.27181700185537
62806,6.1604052302025485
62807,-1.6427233701667625
62808,8.811912191675654
62809,8.269523294580408
62810,5.980589952442401
62811,-5.835506955905431
62812,6.044521954819661
62813,5.7392459107992435
62814,-7.051923362902642
62815,12.0374182784362
62816,11.301270438993814
62817,0.3390240774673809
62818,7.8009703659501834
62819,4.985496031636178
62820,15.676570108121982
62821,5.408056450210652
62822,8.67289079258506
62823,-1.2407947894258682
62824,-0.4266519859932918
62825,-4.478976615073669
62826,5.322501265327944
62827,0.952342625369711
62828,-1.1178803620445408
62829,11.398513660764788
62830,11.804400825414024
62831,3.8989675641608743
62832,-9.791230328033748
62833,3.162431197784742
62834,9.72798997911248
62835,12.998831027868622
62836,5.511956519634612
62837,-2.8371895884020333
62838,-1.576059653459768
62839,9.311714486118406
62840,-0.7208758069090969
62841,-3.880442555458471
62842,10.89136413785575
62843,5.002183953406275
62844,8.213963395601379
62845,-4.298639697021672
62846,0.33846278396676244
62847,3.415487790456983
62848,1.759077338006164
62849,3.4561608930986423
62850,8.549935494546094
62851,2.7536613698959465
62852,12.420827214868623
62853,7.74914436351157
62854,7.8593850807817045
62855,2.847476423700245
62856,-7.852988836111119
62857,6.080081665281545
62858,0.08173364218340526
62859,9.684602714057865
62860,-0.10635604389584252
62861,9.36624650986328
62862,7.254369112709857
62863,7.995098120929941
62864,4.404123222411143
62865,4.253738791060602
62866,5.722308357881916
62867,8.094238184613959
62868,4.208873945791445
62869,-2.7507134042664245
62870,-1.4652127770454917
62871,7.744734474670101
62872,-0.36611143842641597
62873,2.020793316514767
62874,-1.7014833568483207
62875,12.329868924715342
62876,5.620722216663069
62877,7.206977841882156
62878,12.95264373099441
62879,0.0515568263557321
62880,-9.705303039709749
62881,11.441957316047283
62882,0.3137027441074655
62883,0.5609188512682005
62884,2.6653023937887257
62885,11.893824269250702
62886,-0.12115831333116556
62887,6.9463918410692855
62888,6.076291247030221
62889,3.8456890776005603
62890,8.403900584380805
62891,3.7330179129694647
62892,3.548073201356997
62893,0.5862378593912914
62894,-9.988549361813734
62895,-5.920401673993388
62896,8.726445065855454
62897,8.940135832051617
62898,2.683064836192243
62899,2.6989033166926633
62900,4.213981359369686
62901,4.627730570739744
62902,7.424205754939841
62903,-5.3872424759210915
62904,-1.697644442778652
62905,11.108058868896395
62906,-3.1852466470002727
62907,5.934024633495277
62908,-7.012916560259141
62909,-1.7927022473844128
62910,-6.84655457660375
62911,1.6594001301801977
62912,9.24991074642202
62913,9.098729821139292
62914,4.293242284923208
62915,14.499083294064274
62916,-1.3753955980862504
62917,-6.640761008108818
62918,7.957966348632134
62919,1.6804439586900044
62920,-3.6219001581032266
62921,6.798675959538178
62922,14.319798605762813
62923,-0.07238148409422786
62924,4.864636438599102
62925,9.06085807924213
62926,1.467388695903245
62927,9.423262784633023
62928,-0.1952423628887096
62929,8.383298164252176
62930,4.634666914009024
62931,6.757376073793426
62932,-5.319772001566757
62933,3.271151626440997
62934,8.065484993849793
62935,2.9017311634870877
62936,4.4456220087069385
62937,0.3925415388596588
62938,1.6048585611362922
62939,-4.740388730651505
62940,5.35617556094025
62941,3.651253580213435
62942,9.25022074549032
62943,-1.8476209311847536
62944,-1.4948382939051608
62945,-4.01010087775147
62946,-3.1717977721415975
62947,5.158914163669283
62948,-7.388158618824906
62949,3.7826021069355553
62950,6.276604064780037
62951,6.020790029058098
62952,9.679435145316742
62953,3.6150430988243003
62954,13.955676657340561
62955,2.8041354207459235
62956,1.5352838025302369
62957,5.700641772928746
62958,3.5667555371346684
62959,-5.679513234441783
62960,3.5678062321504886
62961,3.4624650024580244
62962,-1.0823479025712317
62963,14.006615083931603
62964,10.458689396247358
62965,10.504723240295016
62966,6.9977043741646785
62967,-4.648932512541944
62968,-6.846526585883614
62969,1.283382646427176
62970,4.275857384842715
62971,8.632920393938614
62972,1.67234282677123
62973,6.820275339120678
62974,6.3733707507077435
62975,7.610346677503488
62976,4.3976916571199345
62977,-5.137759786882714
62978,0.0071391075576030735
62979,4.707800410253832
62980,-0.5396155082663733
62981,3.35846310947173
62982,-1.6297067945223982
62983,7.096245759180453
62984,14.185877541620986
62985,3.488669746661089
62986,-3.737154168051182
62987,-2.941884245388808
62988,7.69985898750193
62989,0.03223292664090263
62990,0.02595706839613327
62991,5.927803003446051
62992,7.077406234417961
62993,3.4726199539290645
62994,6.805297618549939
62995,-4.9974519112065625
62996,-7.294371107112751
62997,-5.743903591777812
62998,-3.1842136492487847
62999,13.865985167041487
63000,7.4776874453913305
63001,8.883484615347099
63002,9.97194878448325
63003,0.19554836321095284
63004,9.902389515559003
63005,0.7535901868298234
63006,9.513803170922227
63007,0.43775814757867115
63008,1.2838183177893965
63009,-1.7114212758112894
63010,2.605995268334656
63011,4.874264853454438
63012,-5.269064081803444
63013,8.536938910459565
63014,-3.754809386284334
63015,1.656688078758771
63016,11.36681749217507
63017,16.937447269992802
63018,9.503152344481965
63019,1.3924398950675958
63020,5.475617724056187
63021,8.615418167331448
63022,-1.405752753204811
63023,3.450073617057819
63024,3.7074258100154953
63025,6.637484875012668
63026,3.073024127897567
63027,-4.421955754533053
63028,1.8414550767641868
63029,14.441442573510884
63030,-0.3578581401742626
63031,16.389216044516953
63032,-0.2134267476241618
63033,-2.3360542061648646
63034,8.338135684678104
63035,8.55675138031063
63036,13.153846519028647
63037,8.029977681838266
63038,-4.621402458871444
63039,1.9742238985770575
63040,-1.4744138213765647
63041,6.497648953926628
63042,4.483101783486457
63043,3.408782525676553
63044,6.330222175401855
63045,-2.6559502785017846
63046,8.043158100008238
63047,2.188318821814542
63048,9.024894756987573
63049,1.594600371206598
63050,12.103483217229433
63051,5.197923533696296
63052,-0.05917781797128703
63053,7.968325570271892
63054,2.5322720290249916
63055,-6.278603402545736
63056,-5.639325684728679
63057,-3.8092479813463638
63058,-1.6073919077269792
63059,8.715443065586879
63060,7.395567858364719
63061,10.907268800730613
63062,7.5221992986350195
63063,5.185052910913768
63064,10.008774707241786
63065,6.618820165445884
63066,3.0818521344748695
63067,2.4960216438518703
63068,8.284584481852804
63069,9.95269589654531
63070,7.612435423588586
63071,7.415247235836203
63072,5.33889414737497
63073,8.895591467919976
63074,2.345425253065668
63075,3.1108318193151896
63076,2.5616164501055225
63077,0.09459945678949529
63078,-2.2340090246817916
63079,1.7204524579749245
63080,3.6864665702731996
63081,2.357492632020989
63082,-1.782122866858926
63083,-0.0030318010333825474
63084,-2.756450272548094
63085,3.18719983868697
63086,1.7968616513418683
63087,1.6178676034970607
63088,5.217961308230355
63089,2.9613385407623163
63090,-1.7896377458275143
63091,8.344041211923248
63092,-0.36125972019799696
63093,8.673746434515277
63094,1.7313220253230268
63095,9.203268099348643
63096,5.46287144756474
63097,-0.8348171384373226
63098,4.656457693239714
63099,-0.29843296514974815
63100,2.2751025678245083
63101,5.196811866908197
63102,9.207064074230516
63103,6.2560466175440865
63104,3.593152423999812
63105,5.9675770895680795
63106,8.876063184954592
63107,5.390877285069701
63108,2.9362910287458237
63109,5.4543035500073165
63110,9.216877695654514
63111,-0.059619740410315335
63112,3.4462301864206077
63113,3.6749518508236143
63114,6.054220549780428
63115,0.49451027585832796
63116,2.487331619125006
63117,4.314742897615259
63118,2.2591950007074777
63119,4.806479855582053
63120,8.02260243882179
63121,3.871211405160926
63122,9.425263768447826
63123,-0.5471947933173871
63124,2.051237472790172
63125,0.6112641374072928
63126,8.405473225317893
63127,3.0927151370905617
63128,8.023475059363673
63129,2.27818924671797
63130,1.96142594474909
63131,6.60125156799942
63132,-0.048071767668368764
63133,7.277297138440384
63134,8.982242976236103
63135,8.430390441984105
63136,6.6638735334351145
63137,1.4783096977199297
63138,1.177555874889581
63139,6.949120480541709
63140,1.4805118542552038
